datetime,tz_cd,ht
7/31/2022,0:00,25.16
7/31/2022,1:00,25.16
7/31/2022,2:00,25.15
7/31/2022,3:00,25.15
7/31/2022,4:00,25.14
7/31/2022,5:00,25.13
7/31/2022,6:00,25.11
7/31/2022,7:00,25.09
7/31/2022,8:00,25.07
7/31/2022,9:00,25.05
7/31/2022,10:00,25.03
7/31/2022,11:00,25.02
7/31/2022,12:00,25.02
7/31/2022,13:00,25
7/31/2022,14:00,25
7/31/2022,15:00,24.98
7/31/2022,16:00,25
7/31/2022,17:00,24.97
7/31/2022,18:00,24.96
7/31/2022,19:00,24.9
7/31/2022,20:00,24.89
7/31/2022,21:00,24.87
7/31/2022,22:00,24.85
7/31/2022,23:00,24.81
8/1/2022,0:00,24.82
8/1/2022,1:00,24.81
8/1/2022,2:00,24.8
8/1/2022,3:00,24.79
8/1/2022,4:00,24.8
8/1/2022,5:00,24.83
8/1/2022,6:00,24.84
8/1/2022,7:00,24.85
8/1/2022,8:00,24.43
8/1/2022,9:00,24.87
8/1/2022,10:00,24.88
8/1/2022,11:00,24.91
8/1/2022,12:00,24.95
8/1/2022,13:00,24.97
8/1/2022,14:00,24.98
8/1/2022,15:00,24.98
8/1/2022,16:00,25
8/1/2022,17:00,25
8/1/2022,18:00,25
8/1/2022,19:00,25
8/1/2022,20:00,25.01
8/1/2022,21:00,25.01
8/1/2022,22:00,25.02
8/1/2022,23:00,25.03
8/2/2022,0:00,25.03
8/2/2022,1:00,25.04
8/2/2022,2:00,25.05
8/2/2022,3:00,25.05
8/2/2022,4:00,25.06
8/2/2022,5:00,25.07
8/2/2022,6:00,25.07
8/2/2022,7:00,25.06
8/2/2022,8:00,25.08
8/2/2022,9:00,25.08
8/2/2022,10:00,25.05
8/2/2022,11:00,25.03
8/2/2022,12:00,25.01
8/2/2022,13:00,25.05
8/2/2022,14:00,25.02
8/2/2022,15:00,25.02
8/2/2022,16:00,24.97
8/2/2022,17:00,24.94
8/2/2022,18:00,24.9
8/2/2022,19:00,24.89
8/2/2022,20:00,24.87
8/2/2022,21:00,24.87
8/2/2022,22:00,24.84
8/2/2022,23:00,24.83
8/3/2022,0:00,24.8
8/3/2022,1:00,24.79
8/3/2022,2:00,24.76
8/3/2022,3:00,24.75
8/3/2022,4:00,24.75
8/3/2022,5:00,24.77
8/3/2022,6:00,24.79
8/3/2022,7:00,24.79
8/3/2022,8:00,24.81
8/3/2022,9:00,24.82
8/3/2022,10:00,24.82
8/3/2022,11:00,24.84
8/3/2022,12:00,24.88
8/3/2022,13:00,24.89
8/3/2022,14:00,24.89
8/3/2022,15:00,24.88
8/3/2022,16:00,24.9
8/3/2022,17:00,24.87
8/3/2022,18:00,24.88
8/3/2022,19:00,24.86
8/3/2022,20:00,24.87
8/3/2022,21:00,24.88
8/3/2022,22:00,24.89
8/3/2022,23:00,24.9
8/4/2022,0:00,24.89
8/4/2022,1:00,24.89
8/4/2022,2:00,24.89
8/4/2022,3:00,24.91
8/4/2022,4:00,24.9
8/4/2022,5:00,24.92
8/4/2022,6:00,24.92
8/4/2022,7:00,24.92
8/4/2022,8:00,24.92
8/4/2022,9:00,24.92
8/4/2022,10:00,24.91
8/4/2022,11:00,24.91
8/4/2022,12:00,24.95
8/4/2022,13:00,24.95
8/4/2022,14:00,24.95
8/4/2022,15:00,24.95
8/4/2022,16:00,24.93
8/4/2022,17:00,24.9
8/4/2022,18:00,24.9
8/4/2022,19:00,24.88
8/4/2022,20:00,24.86
8/4/2022,21:00,24.87
8/4/2022,22:00,24.85
8/4/2022,23:00,24.85
8/5/2022,0:00,24.85
8/5/2022,1:00,24.83
8/5/2022,2:00,24.82
8/5/2022,3:00,24.82
8/5/2022,4:00,24.81
8/5/2022,5:00,24.8
8/5/2022,6:00,24.79
8/5/2022,7:00,24.78
8/5/2022,8:00,24.77
8/5/2022,9:00,24.75
8/5/2022,10:00,24.74
8/5/2022,11:00,24.75
8/5/2022,12:00,24.75
8/5/2022,13:00,24.79
8/5/2022,14:00,24.78
8/5/2022,15:00,24.76
8/5/2022,16:00,24.74
8/5/2022,17:00,24.75
8/5/2022,18:00,24.7
8/5/2022,19:00,24.71
8/5/2022,20:00,24.72
8/5/2022,21:00,24.74
8/5/2022,22:00,24.74
8/5/2022,23:00,24.72
8/6/2022,0:00,24.73
8/6/2022,1:00,24.73
8/6/2022,2:00,24.73
8/6/2022,3:00,24.74
8/6/2022,4:00,24.73
8/6/2022,5:00,24.73
8/6/2022,6:00,24.73
8/6/2022,7:00,24.73
8/6/2022,8:00,24.77
8/6/2022,9:00,24.73
8/6/2022,10:00,24.71
8/6/2022,11:00,24.74
8/6/2022,12:00,24.76
8/6/2022,13:00,24.77
8/6/2022,14:00,24.76
8/6/2022,15:00,24.77
8/6/2022,16:00,24.75
8/6/2022,17:00,24.75
8/6/2022,18:00,24.77
8/6/2022,19:00,24.8
8/6/2022,20:00,24.75
8/6/2022,21:00,24.79
8/6/2022,22:00,24.79
8/6/2022,23:00,24.81
8/7/2022,0:00,24.77
8/7/2022,1:00,24.8
8/7/2022,2:00,24.8
8/7/2022,3:00,24.81
8/7/2022,4:00,24.84
8/7/2022,5:00,24.81
8/7/2022,6:00,24.8
8/7/2022,7:00,24.8
8/7/2022,8:00,24.8
8/7/2022,9:00,24.8
8/7/2022,10:00,24.8
8/7/2022,11:00,24.83
8/7/2022,12:00,24.85
8/7/2022,13:00,24.86
8/7/2022,14:00,24.87
8/7/2022,15:00,24.86
8/7/2022,16:00,24.87
8/7/2022,17:00,24.87
8/7/2022,18:00,24.86
8/7/2022,19:00,24.85
8/7/2022,20:00,24.9
8/7/2022,21:00,24.95
8/7/2022,22:00,24.95
8/7/2022,23:00,24.95
8/8/2022,0:00,24.95
8/8/2022,1:00,24.94
8/8/2022,2:00,24.94
8/8/2022,3:00,24.94
8/8/2022,4:00,24.94
8/8/2022,5:00,24.93
8/8/2022,6:00,24.93
8/8/2022,7:00,24.93
8/8/2022,8:00,24.93
8/8/2022,9:00,24.92
8/8/2022,10:00,24.91
8/8/2022,11:00,24.92
8/8/2022,12:00,24.96
8/8/2022,13:00,24.93
8/8/2022,14:00,24.92
8/8/2022,15:00,24.91
8/8/2022,16:00,24.91
8/8/2022,17:00,24.91
8/8/2022,18:00,24.89
8/8/2022,19:00,24.87
8/8/2022,20:00,24.86
8/8/2022,21:00,24.87
8/8/2022,22:00,24.88
8/8/2022,23:00,24.88
8/9/2022,0:00,24.86
8/9/2022,1:00,24.86
8/9/2022,2:00,24.86
8/9/2022,3:00,24.86
8/9/2022,4:00,24.87
8/9/2022,5:00,24.86
8/9/2022,6:00,24.86
8/9/2022,7:00,24.85
8/9/2022,8:00,24.85
8/9/2022,9:00,24.85
8/9/2022,10:00,24.84
8/9/2022,11:00,24.87
8/9/2022,12:00,24.89
8/9/2022,13:00,24.88
8/9/2022,14:00,24.85
8/9/2022,15:00,24.86
8/9/2022,16:00,24.86
8/9/2022,17:00,24.81
8/9/2022,18:00,24.83
8/9/2022,19:00,24.77
8/9/2022,20:00,24.72
8/9/2022,21:00,24.74
8/9/2022,22:00,24.72
8/9/2022,23:00,24.72
8/10/2022,0:00,24.72
8/10/2022,1:00,24.71
8/10/2022,2:00,24.69
8/10/2022,3:00,24.68
8/10/2022,4:00,24.67
8/10/2022,5:00,24.66
8/10/2022,6:00,24.65
8/10/2022,7:00,24.64
8/10/2022,8:00,24.63
8/10/2022,9:00,24.64
8/10/2022,10:00,24.62
8/10/2022,11:00,24.65
8/10/2022,12:00,24.67
8/10/2022,13:00,24.66
8/10/2022,14:00,24.69
8/10/2022,15:00,24.76
8/10/2022,16:00,24.75
8/10/2022,17:00,24.78
8/10/2022,18:00,24.81
8/10/2022,19:00,24.82
8/10/2022,20:00,24.87
8/10/2022,21:00,24.88
8/10/2022,22:00,24.91
8/10/2022,23:00,24.92
8/11/2022,0:00,24.92
8/11/2022,1:00,24.94
8/11/2022,2:00,24.95
8/11/2022,3:00,24.96
8/11/2022,4:00,24.96
8/11/2022,5:00,24.95
8/11/2022,6:00,24.96
8/11/2022,7:00,24.96
8/11/2022,8:00,24.96
8/11/2022,9:00,24.96
8/11/2022,10:00,24.96
8/11/2022,11:00,24.97
8/11/2022,12:00,25
8/11/2022,13:00,25
8/11/2022,14:00,25
8/11/2022,15:00,24.99
8/11/2022,16:00,24.98
8/11/2022,17:00,24.99
8/11/2022,18:00,24.98
8/11/2022,19:00,24.99
8/11/2022,20:00,24.97
8/11/2022,21:00,24.96
8/11/2022,22:00,24.95
8/11/2022,23:00,24.93
8/12/2022,0:00,24.92
8/12/2022,1:00,24.91
8/12/2022,2:00,24.9
8/12/2022,3:00,24.88
8/12/2022,4:00,24.88
8/12/2022,5:00,24.86
8/12/2022,6:00,24.86
8/12/2022,7:00,24.85
8/12/2022,8:00,24.83
8/12/2022,9:00,24.82
8/12/2022,10:00,24.81
8/12/2022,11:00,24.87
8/12/2022,12:00,24.87
8/12/2022,13:00,24.88
8/12/2022,14:00,24.89
8/12/2022,15:00,24.91
8/12/2022,16:00,24.92
8/12/2022,17:00,24.92
8/12/2022,18:00,24.91
8/12/2022,19:00,24.92
8/12/2022,20:00,24.92
8/12/2022,21:00,24.92
8/12/2022,22:00,24.94
8/12/2022,23:00,24.94
8/13/2022,0:00,24.95
8/13/2022,1:00,24.96
8/13/2022,2:00,24.97
8/13/2022,3:00,24.97
8/13/2022,4:00,24.98
8/13/2022,5:00,24.98
8/13/2022,6:00,24.99
8/13/2022,7:00,24.99
8/13/2022,8:00,24.99
8/13/2022,9:00,24.99
8/13/2022,10:00,24.98
8/13/2022,11:00,24.98
8/13/2022,12:00,25.02
8/13/2022,13:00,25.02
8/13/2022,14:00,25.01
8/13/2022,15:00,25.01
8/13/2022,16:00,25.05
8/13/2022,17:00,25.02
8/13/2022,18:00,25.04
8/13/2022,19:00,25
8/13/2022,20:00,25
8/13/2022,21:00,24.99
8/13/2022,22:00,24.97
8/13/2022,23:00,24.95
8/14/2022,0:00,24.94
8/14/2022,1:00,24.91
8/14/2022,2:00,24.9
8/14/2022,3:00,24.89
8/14/2022,4:00,24.87
8/14/2022,5:00,24.86
8/14/2022,6:00,24.86
8/14/2022,7:00,24.86
8/14/2022,8:00,24.85
8/14/2022,9:00,24.85
8/14/2022,10:00,24.82
8/14/2022,11:00,24.84
8/14/2022,12:00,24.85
8/14/2022,13:00,24.85
8/14/2022,14:00,24.85
8/14/2022,15:00,24.84
8/14/2022,16:00,24.85
8/14/2022,17:00,24.83
8/14/2022,18:00,24.85
8/14/2022,19:00,24.81
8/14/2022,20:00,24.8
8/14/2022,21:00,24.81
8/14/2022,22:00,24.8
8/14/2022,23:00,24.8
8/15/2022,0:00,24.79
8/15/2022,1:00,24.79
8/15/2022,2:00,24.78
8/15/2022,3:00,24.78
8/15/2022,4:00,24.8
8/15/2022,5:00,24.81
8/15/2022,6:00,24.81
8/15/2022,7:00,24.81
8/15/2022,8:00,24.82
8/15/2022,9:00,24.82
8/15/2022,10:00,24.83
8/15/2022,11:00,24.84
8/15/2022,12:00,24.87
8/15/2022,13:00,24.88
8/15/2022,14:00,24.88
8/15/2022,15:00,24.88
8/15/2022,16:00,24.89
8/15/2022,17:00,24.91
8/15/2022,18:00,24.88
8/15/2022,19:00,24.9
8/15/2022,20:00,24.9
8/15/2022,21:00,24.9
8/15/2022,22:00,24.9
8/15/2022,23:00,24.9
8/16/2022,0:00,24.91
8/16/2022,1:00,24.92
8/16/2022,2:00,24.92
8/16/2022,3:00,24.92
8/16/2022,4:00,24.93
8/16/2022,5:00,24.94
8/16/2022,6:00,24.93
8/16/2022,7:00,24.94
8/16/2022,8:00,24.95
8/16/2022,9:00,24.94
8/16/2022,10:00,24.94
8/16/2022,11:00,24.95
8/16/2022,12:00,24.98
8/16/2022,13:00,24.98
8/16/2022,14:00,24.98
8/16/2022,15:00,24.98
8/16/2022,16:00,24.98
8/16/2022,17:00,24.98
8/16/2022,18:00,24.95
8/16/2022,19:00,24.96
8/16/2022,20:00,24.97
8/16/2022,21:00,24.96
8/16/2022,22:00,24.95
8/16/2022,23:00,24.95
8/17/2022,0:00,24.95
8/17/2022,1:00,24.96
8/17/2022,2:00,24.95
8/17/2022,3:00,24.96
8/17/2022,4:00,24.95
8/17/2022,5:00,24.96
8/17/2022,6:00,24.96
8/17/2022,7:00,24.97
8/17/2022,8:00,24.97
8/17/2022,9:00,24.95
8/17/2022,10:00,24.95
8/17/2022,11:00,24.97
8/17/2022,12:00,24.99
8/17/2022,13:00,24.99
8/17/2022,14:00,25.01
8/17/2022,15:00,25
8/17/2022,16:00,24.99
8/17/2022,17:00,24.95
8/17/2022,18:00,24.93
8/17/2022,19:00,24.8
8/17/2022,20:00,24.91
8/17/2022,21:00,24.9
8/17/2022,22:00,24.89
8/17/2022,23:00,24.87
8/18/2022,0:00,24.87
8/18/2022,1:00,24.85
8/18/2022,2:00,24.84
8/18/2022,3:00,24.82
8/18/2022,4:00,24.82
8/18/2022,5:00,24.83
8/18/2022,6:00,24.82
8/18/2022,7:00,24.82
8/18/2022,8:00,24.83
8/18/2022,9:00,24.83
8/18/2022,10:00,24.82
8/18/2022,11:00,24.81
8/18/2022,12:00,24.81
8/18/2022,13:00,24.83
8/18/2022,14:00,24.82
8/18/2022,15:00,24.84
8/18/2022,16:00,24.85
8/18/2022,17:00,24.85
8/18/2022,18:00,24.83
8/18/2022,19:00,24.83
8/18/2022,20:00,24.83
8/18/2022,21:00,24.83
8/18/2022,22:00,24.81
8/18/2022,23:00,24.82
8/19/2022,0:00,24.82
8/19/2022,1:00,24.8
8/19/2022,2:00,24.81
8/19/2022,3:00,24.8
8/19/2022,4:00,24.8
8/19/2022,5:00,24.8
8/19/2022,6:00,24.8
8/19/2022,7:00,24.78
8/19/2022,8:00,24.79
8/19/2022,9:00,24.8
8/19/2022,10:00,24.8
8/19/2022,11:00,24.8
8/19/2022,12:00,24.81
8/19/2022,13:00,24.81
8/19/2022,14:00,24.82
8/19/2022,15:00,24.82
8/19/2022,16:00,24.84
8/19/2022,17:00,24.83
8/19/2022,18:00,24.82
8/19/2022,19:00,24.82
8/19/2022,20:00,24.82
8/19/2022,21:00,24.82
8/19/2022,22:00,24.82
8/19/2022,23:00,24.82
8/20/2022,0:00,24.83
8/20/2022,1:00,24.82
8/20/2022,2:00,24.85
8/20/2022,3:00,24.86
8/20/2022,4:00,24.89
8/20/2022,5:00,24.91
8/20/2022,6:00,24.87
8/20/2022,7:00,24.9
8/20/2022,8:00,24.89
8/20/2022,9:00,24.9
8/20/2022,10:00,24.89
8/20/2022,11:00,24.94
8/20/2022,12:00,24.92
8/20/2022,13:00,24.94
8/20/2022,14:00,24.93
8/20/2022,15:00,24.93
8/20/2022,16:00,24.93
8/20/2022,17:00,24.93
8/20/2022,18:00,24.94
8/20/2022,19:00,24.94
8/20/2022,20:00,24.94
8/20/2022,21:00,24.94
8/20/2022,22:00,24.9
8/20/2022,23:00,24.89
8/21/2022,0:00,24.87
8/21/2022,1:00,24.87
8/21/2022,2:00,24.86
8/21/2022,3:00,24.85
8/21/2022,4:00,24.83
8/21/2022,5:00,24.83
8/21/2022,6:00,24.81
8/21/2022,7:00,24.81
8/21/2022,8:00,24.8
8/21/2022,9:00,24.77
8/21/2022,10:00,24.75
8/21/2022,11:00,24.74
8/21/2022,12:00,24.75
8/21/2022,13:00,24.76
8/21/2022,14:00,24.77
8/21/2022,15:00,24.75
8/21/2022,16:00,24.76
8/21/2022,17:00,24.74
8/21/2022,18:00,24.74
8/21/2022,19:00,24.73
8/21/2022,20:00,24.77
8/21/2022,21:00,24.75
8/21/2022,22:00,24.77
8/21/2022,23:00,24.76
8/22/2022,0:00,24.74
8/22/2022,1:00,24.72
8/22/2022,2:00,24.72
8/22/2022,3:00,24.72
8/22/2022,4:00,24.71
8/22/2022,5:00,24.72
8/22/2022,6:00,24.72
8/22/2022,7:00,24.71
8/22/2022,8:00,24.7
8/22/2022,9:00,24.71
8/22/2022,10:00,24.74
8/22/2022,11:00,24.79
8/22/2022,12:00,24.78
8/22/2022,13:00,24.79
8/22/2022,14:00,24.86
8/22/2022,15:00,24.91
8/22/2022,16:00,24.96
8/22/2022,17:00,24.94
8/22/2022,18:00,24.91
8/22/2022,19:00,24.91
8/22/2022,20:00,24.9
8/22/2022,21:00,24.88
8/22/2022,22:00,24.87
8/22/2022,23:00,24.86
8/23/2022,0:00,24.85
8/23/2022,1:00,24.86
8/23/2022,2:00,24.9
8/23/2022,3:00,24.93
8/23/2022,4:00,25.03
8/23/2022,5:00,25.13
8/23/2022,6:00,25.11
8/23/2022,7:00,25.12
8/23/2022,8:00,25.11
8/23/2022,9:00,25.12
8/23/2022,10:00,25.1
8/23/2022,11:00,25.09
8/23/2022,12:00,25.08
8/23/2022,13:00,25.08
8/23/2022,14:00,25.06
8/23/2022,15:00,25.05
8/23/2022,16:00,25.03
8/23/2022,17:00,24.98
8/23/2022,18:00,24.94
8/23/2022,19:00,24.9
8/23/2022,20:00,24.86
8/23/2022,21:00,24.82
8/23/2022,22:00,24.79
8/23/2022,23:00,24.75
8/24/2022,0:00,24.7
8/24/2022,1:00,24.71
8/24/2022,2:00,24.69
8/24/2022,3:00,24.67
8/24/2022,4:00,24.64
8/24/2022,5:00,24.59
8/24/2022,6:00,24.57
8/24/2022,7:00,24.53
8/24/2022,8:00,24.43
8/24/2022,9:00,24.41
8/24/2022,10:00,24.4
8/24/2022,11:00,24.32
8/24/2022,12:00,24.34
8/24/2022,13:00,24.39
8/24/2022,14:00,24.42
8/24/2022,15:00,24.48
8/24/2022,16:00,24.49
8/24/2022,17:00,24.5
8/24/2022,18:00,24.52
8/24/2022,19:00,24.53
8/24/2022,20:00,24.55
8/24/2022,21:00,24.57
8/24/2022,22:00,24.59
8/24/2022,23:00,24.58
8/25/2022,0:00,24.63
8/25/2022,1:00,24.68
8/25/2022,2:00,24.74
8/25/2022,3:00,24.8
8/25/2022,4:00,24.85
8/25/2022,5:00,24.87
8/25/2022,6:00,24.9
8/25/2022,7:00,24.95
8/25/2022,8:00,24.98
8/25/2022,9:00,25
8/25/2022,10:00,25.01
8/25/2022,11:00,25.05
8/25/2022,12:00,25.05
8/25/2022,13:00,25.09
8/25/2022,14:00,25.08
8/25/2022,15:00,25.06
8/25/2022,16:00,25.04
8/25/2022,17:00,25.06
8/25/2022,18:00,25.05
8/25/2022,19:00,25.04
8/25/2022,20:00,25
8/25/2022,21:00,24.97
8/25/2022,22:00,24.93
8/25/2022,23:00,24.9
8/26/2022,0:00,24.88
8/26/2022,1:00,24.85
8/26/2022,2:00,24.87
8/26/2022,3:00,24.88
8/26/2022,4:00,24.88
8/26/2022,5:00,24.87
8/26/2022,6:00,24.88
8/26/2022,7:00,24.88
8/26/2022,8:00,24.89
8/26/2022,9:00,24.9
8/26/2022,10:00,24.91
8/26/2022,11:00,24.9
8/26/2022,12:00,24.92
8/26/2022,13:00,24.94
8/26/2022,14:00,24.94
8/26/2022,15:00,24.95
8/26/2022,16:00,24.93
8/26/2022,17:00,24.92
8/26/2022,18:00,24.92
8/26/2022,19:00,24.9
8/26/2022,20:00,24.9
8/26/2022,21:00,24.89
8/26/2022,22:00,24.89
8/26/2022,23:00,24.89
8/27/2022,0:00,24.88
8/27/2022,1:00,24.88
8/27/2022,2:00,24.88
8/27/2022,3:00,24.88
8/27/2022,4:00,24.88
8/27/2022,5:00,24.89
8/27/2022,6:00,24.92
8/27/2022,7:00,24.92
8/27/2022,8:00,24.94
8/27/2022,9:00,24.95
8/27/2022,10:00,24.98
8/27/2022,11:00,24.97
8/27/2022,12:00,25.01
8/27/2022,13:00,25.02
8/27/2022,14:00,25.05
8/27/2022,15:00,25.07
8/27/2022,16:00,25.08
8/27/2022,17:00,25.1
8/27/2022,18:00,25.08
8/27/2022,19:00,25.08
8/27/2022,20:00,25.01
8/27/2022,21:00,25.01
8/27/2022,22:00,24.98
8/27/2022,23:00,24.96
8/28/2022,0:00,24.94
8/28/2022,1:00,24.9
8/28/2022,2:00,24.87
8/28/2022,3:00,24.82
8/28/2022,4:00,24.8
8/28/2022,5:00,24.8
8/28/2022,6:00,24.79
8/28/2022,7:00,24.77
8/28/2022,8:00,24.75
8/28/2022,9:00,24.77
8/28/2022,10:00,24.78
8/28/2022,11:00,24.83
8/28/2022,12:00,24.87
8/28/2022,13:00,24.9
8/28/2022,14:00,24.91
8/28/2022,15:00,24.96
8/28/2022,16:00,24.96
8/28/2022,17:00,24.98
8/28/2022,18:00,25
8/28/2022,19:00,25.02
8/28/2022,20:00,25.02
8/28/2022,21:00,24.98
8/28/2022,22:00,24.99
8/28/2022,23:00,24.99
8/29/2022,0:00,24.99
8/29/2022,1:00,24.98
8/29/2022,2:00,24.98
8/29/2022,3:00,24.96
8/29/2022,4:00,24.95
8/29/2022,5:00,24.95
8/29/2022,6:00,24.94
8/29/2022,7:00,24.94
8/29/2022,8:00,24.93
8/29/2022,9:00,24.93
8/29/2022,10:00,24.91
8/29/2022,11:00,24.92
8/29/2022,12:00,24.93
8/29/2022,13:00,24.94
8/29/2022,14:00,24.95
8/29/2022,15:00,24.95
8/29/2022,16:00,24.92
8/29/2022,17:00,24.92
8/29/2022,18:00,24.91
8/29/2022,19:00,24.89
8/29/2022,20:00,24.89
8/29/2022,21:00,24.87
8/29/2022,22:00,24.88
8/29/2022,23:00,24.87
8/30/2022,0:00,24.87
8/30/2022,1:00,24.86
8/30/2022,2:00,24.85
8/30/2022,3:00,24.84
8/30/2022,4:00,24.84
8/30/2022,5:00,24.84
8/30/2022,6:00,24.83
8/30/2022,7:00,24.82
8/30/2022,8:00,24.82
8/30/2022,9:00,24.83
8/30/2022,10:00,24.81
8/30/2022,11:00,24.82
8/30/2022,12:00,24.85
8/30/2022,13:00,24.84
8/30/2022,14:00,24.82
8/30/2022,15:00,24.8
8/30/2022,16:00,24.76
8/30/2022,17:00,24.77
8/30/2022,18:00,24.77
8/30/2022,19:00,24.77
8/30/2022,20:00,24.78
8/30/2022,21:00,24.77
8/30/2022,22:00,24.78
8/30/2022,23:00,24.77
8/31/2022,0:00,24.77
8/31/2022,1:00,24.78
8/31/2022,2:00,24.78
8/31/2022,3:00,24.8
8/31/2022,4:00,24.79
8/31/2022,5:00,24.78
8/31/2022,6:00,24.79
8/31/2022,7:00,24.75
8/31/2022,8:00,24.75
8/31/2022,9:00,24.72
8/31/2022,10:00,24.73
8/31/2022,11:00,24.77
8/31/2022,12:00,24.8
8/31/2022,13:00,24.8
8/31/2022,14:00,24.8
8/31/2022,15:00,24.76
8/31/2022,16:00,24.8
8/31/2022,17:00,24.79
8/31/2022,18:00,24.77
8/31/2022,19:00,24.77
8/31/2022,20:00,24.77
8/31/2022,21:00,24.76
8/31/2022,22:00,24.76
8/31/2022,23:00,24.77
9/1/2022,0:00,24.76
9/1/2022,1:00,24.77
9/1/2022,2:00,24.77
9/1/2022,3:00,24.77
9/1/2022,4:00,24.76
9/1/2022,5:00,24.77
9/1/2022,6:00,24.77
9/1/2022,7:00,24.76
9/1/2022,8:00,24.76
9/1/2022,9:00,24.75
9/1/2022,10:00,24.74
9/1/2022,11:00,24.76
9/1/2022,12:00,24.77
9/1/2022,13:00,24.77
9/1/2022,14:00,24.76
9/1/2022,15:00,24.8
9/1/2022,16:00,24.75
9/1/2022,17:00,24.73
9/1/2022,18:00,24.72
9/1/2022,19:00,24.72
9/1/2022,20:00,24.71
9/1/2022,21:00,24.71
9/1/2022,22:00,24.72
9/1/2022,23:00,24.71
9/2/2022,0:00,24.71
9/2/2022,1:00,24.7
9/2/2022,2:00,24.69
9/2/2022,3:00,24.7
9/2/2022,4:00,24.7
9/2/2022,5:00,24.69
9/2/2022,6:00,24.7
9/2/2022,7:00,24.7
9/2/2022,8:00,24.69
9/2/2022,9:00,24.7
9/2/2022,10:00,24.7
9/2/2022,11:00,24.69
9/2/2022,12:00,24.69
9/2/2022,13:00,24.72
9/2/2022,14:00,24.71
9/2/2022,15:00,24.72
9/2/2022,16:00,24.72
9/2/2022,17:00,24.69
9/2/2022,18:00,24.68
9/2/2022,19:00,24.66
9/2/2022,20:00,24.67
9/2/2022,21:00,24.66
9/2/2022,22:00,24.67
9/2/2022,23:00,24.67
9/3/2022,0:00,24.66
9/3/2022,1:00,24.66
9/3/2022,2:00,24.66
9/3/2022,3:00,24.66
9/3/2022,4:00,24.67
9/3/2022,5:00,24.67
9/3/2022,6:00,24.67
9/3/2022,7:00,24.67
9/3/2022,8:00,24.67
9/3/2022,9:00,24.67
9/3/2022,10:00,24.66
9/3/2022,11:00,24.67
9/3/2022,12:00,24.72
9/3/2022,13:00,24.7
9/3/2022,14:00,24.7
9/3/2022,15:00,24.71
9/3/2022,16:00,24.69
9/3/2022,17:00,24.71
9/3/2022,18:00,24.71
9/3/2022,19:00,24.68
9/3/2022,20:00,24.67
9/3/2022,21:00,24.65
9/3/2022,22:00,24.65
9/3/2022,23:00,24.67
9/4/2022,0:00,24.7
9/4/2022,1:00,24.72
9/4/2022,2:00,24.75
9/4/2022,3:00,24.78
9/4/2022,4:00,24.78
9/4/2022,5:00,24.81
9/4/2022,6:00,24.83
9/4/2022,7:00,24.86
9/4/2022,8:00,24.87
9/4/2022,9:00,24.9
9/4/2022,10:00,24.92
9/4/2022,11:00,24.92
9/4/2022,12:00,24.94
9/4/2022,13:00,24.98
9/4/2022,14:00,25
9/4/2022,15:00,25.01
9/4/2022,16:00,25
9/4/2022,17:00,25
9/4/2022,18:00,25.06
9/4/2022,19:00,25.01
9/4/2022,20:00,25
9/4/2022,21:00,25
9/4/2022,22:00,24.98
9/4/2022,23:00,24.97
9/5/2022,0:00,24.96
9/5/2022,1:00,24.95
9/5/2022,2:00,24.94
9/5/2022,3:00,24.92
9/5/2022,4:00,24.92
9/5/2022,5:00,24.91
9/5/2022,6:00,24.89
9/5/2022,7:00,24.89
9/5/2022,8:00,24.88
9/5/2022,9:00,24.85
9/5/2022,10:00,24.83
9/5/2022,11:00,24.79
9/5/2022,12:00,24.77
9/5/2022,13:00,24.76
9/5/2022,14:00,24.77
9/5/2022,15:00,24.77
9/5/2022,16:00,24.72
9/5/2022,17:00,24.72
9/5/2022,18:00,24.67
9/5/2022,19:00,24.65
9/5/2022,20:00,24.65
9/5/2022,21:00,24.66
9/5/2022,22:00,24.66
9/5/2022,23:00,24.66
9/6/2022,0:00,24.64
9/6/2022,1:00,24.64
9/6/2022,2:00,24.64
9/6/2022,3:00,24.64
9/6/2022,4:00,24.64
9/6/2022,5:00,24.65
9/6/2022,6:00,24.65
9/6/2022,7:00,24.64
9/6/2022,8:00,24.64
9/6/2022,9:00,24.64
9/6/2022,10:00,24.63
9/6/2022,11:00,24.66
9/6/2022,12:00,24.68
9/6/2022,13:00,24.67
9/6/2022,14:00,24.72
9/6/2022,15:00,24.72
9/6/2022,16:00,24.77
9/6/2022,17:00,24.77
9/6/2022,18:00,24.79
9/6/2022,19:00,24.8
9/6/2022,20:00,24.81
9/6/2022,21:00,24.82
9/6/2022,22:00,24.84
9/6/2022,23:00,24.86
9/7/2022,0:00,24.88
9/7/2022,1:00,24.89
9/7/2022,2:00,24.91
9/7/2022,3:00,24.92
9/7/2022,4:00,24.95
9/7/2022,5:00,24.96
9/7/2022,6:00,24.98
9/7/2022,7:00,24.99
9/7/2022,8:00,24.99
9/7/2022,9:00,25
9/7/2022,10:00,25.01
9/7/2022,11:00,25.02
9/7/2022,12:00,25.04
9/7/2022,13:00,25.06
9/7/2022,14:00,25.07
9/7/2022,15:00,25.08
9/7/2022,16:00,25.08
9/7/2022,17:00,25.08
9/7/2022,18:00,25.09
9/7/2022,19:00,25.07
9/7/2022,20:00,25.07
9/7/2022,21:00,25.07
9/7/2022,22:00,25.06
9/7/2022,23:00,25.06
9/8/2022,0:00,25.05
9/8/2022,1:00,25.05
9/8/2022,2:00,25.03
9/8/2022,3:00,25.03
9/8/2022,4:00,25.02
9/8/2022,5:00,25.01
9/8/2022,6:00,25.01
9/8/2022,7:00,25
9/8/2022,8:00,24.99
9/8/2022,9:00,24.98
9/8/2022,10:00,24.95
9/8/2022,11:00,24.95
9/8/2022,12:00,24.97
9/8/2022,13:00,24.97
9/8/2022,14:00,24.95
9/8/2022,15:00,24.94
9/8/2022,16:00,24.94
9/8/2022,17:00,24.9
9/8/2022,18:00,24.88
9/8/2022,19:00,24.87
9/8/2022,20:00,24.81
9/8/2022,21:00,24.78
9/8/2022,22:00,24.76
9/8/2022,23:00,24.74
9/9/2022,0:00,24.73
9/9/2022,1:00,24.72
9/9/2022,2:00,24.7
9/9/2022,3:00,24.69
9/9/2022,4:00,24.69
9/9/2022,5:00,24.69
9/9/2022,6:00,24.69
9/9/2022,7:00,24.69
9/9/2022,8:00,24.69
9/9/2022,9:00,24.69
9/9/2022,10:00,24.69
9/9/2022,11:00,24.72
9/9/2022,12:00,24.74
9/9/2022,13:00,24.79
9/9/2022,14:00,24.76
9/9/2022,15:00,24.76
9/9/2022,16:00,24.77
9/9/2022,17:00,24.76
9/9/2022,18:00,24.75
9/9/2022,19:00,24.75
9/9/2022,20:00,24.73
9/9/2022,21:00,24.74
9/9/2022,22:00,24.74
9/9/2022,23:00,24.74
9/10/2022,0:00,24.74
9/10/2022,1:00,24.74
9/10/2022,2:00,24.73
9/10/2022,3:00,24.75
9/10/2022,4:00,24.76
9/10/2022,5:00,24.78
9/10/2022,6:00,24.8
9/10/2022,7:00,24.81
9/10/2022,8:00,24.83
9/10/2022,9:00,24.84
9/10/2022,10:00,24.82
9/10/2022,11:00,24.85
9/10/2022,12:00,24.87
9/10/2022,13:00,24.91
9/10/2022,14:00,24.92
9/10/2022,15:00,24.93
9/10/2022,16:00,24.93
9/10/2022,17:00,24.97
9/10/2022,18:00,24.94
9/10/2022,19:00,24.9
9/10/2022,20:00,24.88
9/10/2022,21:00,24.89
9/10/2022,22:00,24.88
9/10/2022,23:00,24.87
9/11/2022,0:00,24.86
9/11/2022,1:00,24.8
9/11/2022,2:00,24.84
9/11/2022,3:00,24.82
9/11/2022,4:00,24.82
9/11/2022,5:00,24.8
9/11/2022,6:00,24.79
9/11/2022,7:00,24.78
9/11/2022,8:00,24.77
9/11/2022,9:00,24.77
9/11/2022,10:00,24.75
9/11/2022,11:00,24.79
9/11/2022,12:00,24.78
9/11/2022,13:00,24.77
9/11/2022,14:00,24.76
9/11/2022,15:00,24.77
9/11/2022,16:00,24.75
9/11/2022,17:00,24.72
9/11/2022,18:00,24.69
9/11/2022,19:00,24.71
9/11/2022,20:00,24.71
9/11/2022,21:00,24.7
9/11/2022,22:00,24.7
9/11/2022,23:00,24.71
9/12/2022,0:00,24.72
9/12/2022,1:00,24.72
9/12/2022,2:00,24.72
9/12/2022,3:00,24.72
9/12/2022,4:00,24.72
9/12/2022,5:00,24.72
9/12/2022,6:00,24.72
9/12/2022,7:00,24.72
9/12/2022,8:00,24.73
9/12/2022,9:00,24.71
9/12/2022,10:00,24.71
9/12/2022,11:00,24.71
9/12/2022,12:00,24.73
9/12/2022,13:00,24.75
9/12/2022,14:00,24.77
9/12/2022,15:00,24.77
9/12/2022,16:00,24.75
9/12/2022,17:00,24.79
9/12/2022,18:00,24.74
9/12/2022,19:00,24.73
9/12/2022,20:00,24.73
9/12/2022,21:00,24.71
9/12/2022,22:00,24.69
9/12/2022,23:00,24.67
9/13/2022,0:00,24.67
9/13/2022,1:00,24.67
9/13/2022,2:00,24.67
9/13/2022,3:00,24.67
9/13/2022,7:00,24.67
9/13/2022,8:00,24.67
9/13/2022,9:00,24.66
9/13/2022,10:00,24.65
9/13/2022,11:00,24.65
9/13/2022,12:00,24.69
9/13/2022,13:00,24.69
9/13/2022,14:00,24.69
9/13/2022,15:00,24.69
9/13/2022,16:00,24.69
9/13/2022,17:00,24.67
9/13/2022,18:00,24.67
9/13/2022,19:00,24.66
9/13/2022,20:00,24.66
9/13/2022,21:00,24.65
9/13/2022,22:00,24.65
9/13/2022,23:00,24.65
9/14/2022,0:00,24.64
9/14/2022,1:00,24.65
9/14/2022,2:00,24.65
9/14/2022,3:00,24.64
9/14/2022,4:00,24.64
9/14/2022,5:00,24.64
9/14/2022,6:00,24.64
9/14/2022,7:00,24.65
9/14/2022,8:00,24.64
9/14/2022,9:00,24.64
9/14/2022,10:00,24.63
9/14/2022,11:00,24.64
9/14/2022,12:00,24.69
9/14/2022,13:00,24.7
9/14/2022,14:00,24.71
9/14/2022,15:00,24.71
9/14/2022,16:00,24.72
9/14/2022,17:00,24.76
9/14/2022,18:00,24.72
9/14/2022,19:00,24.72
9/14/2022,20:00,24.72
9/14/2022,21:00,24.72
9/14/2022,22:00,24.72
9/14/2022,23:00,24.72
9/15/2022,0:00,24.73
9/15/2022,1:00,24.72
9/15/2022,2:00,24.73
9/15/2022,3:00,24.74
9/15/2022,4:00,24.75
9/15/2022,5:00,24.75
9/15/2022,6:00,24.75
9/15/2022,7:00,24.75
9/15/2022,8:00,24.75
9/15/2022,9:00,24.75
9/15/2022,10:00,24.73
9/15/2022,11:00,24.75
9/15/2022,12:00,24.78
9/15/2022,13:00,24.82
9/15/2022,14:00,24.8
9/15/2022,15:00,24.78
9/15/2022,16:00,24.81
9/15/2022,17:00,24.78
9/15/2022,18:00,24.8
9/15/2022,19:00,24.8
9/15/2022,20:00,24.79
9/15/2022,21:00,24.77
9/15/2022,22:00,24.77
9/15/2022,23:00,24.78
9/16/2022,0:00,24.77
9/16/2022,1:00,24.78
9/16/2022,2:00,24.77
9/16/2022,3:00,24.77
9/16/2022,4:00,24.78
9/16/2022,5:00,24.78
9/16/2022,6:00,24.78
9/16/2022,7:00,24.77
9/16/2022,8:00,24.78
9/16/2022,9:00,24.79
9/16/2022,10:00,24.75
9/16/2022,11:00,24.75
9/16/2022,12:00,24.77
9/16/2022,13:00,24.82
9/16/2022,14:00,24.79
9/16/2022,15:00,24.76
9/16/2022,16:00,24.78
9/16/2022,17:00,24.75
9/16/2022,18:00,24.7
9/16/2022,19:00,24.71
9/16/2022,20:00,24.72
9/16/2022,21:00,24.71
9/16/2022,22:00,24.7
9/16/2022,23:00,24.68
9/17/2022,0:00,24.67
9/17/2022,1:00,24.66
9/17/2022,2:00,24.67
9/17/2022,3:00,24.67
9/17/2022,4:00,24.66
9/17/2022,5:00,24.67
9/17/2022,6:00,24.67
9/17/2022,7:00,24.67
9/17/2022,8:00,24.65
9/17/2022,9:00,24.65
9/17/2022,10:00,24.67
9/17/2022,11:00,24.7
9/17/2022,12:00,24.73
9/17/2022,13:00,24.74
9/17/2022,14:00,24.73
9/17/2022,15:00,24.78
9/17/2022,16:00,24.79
9/17/2022,17:00,24.81
9/17/2022,18:00,24.79
9/17/2022,19:00,24.8
9/17/2022,20:00,24.8
9/17/2022,21:00,24.8
9/17/2022,22:00,24.81
9/17/2022,23:00,24.82
9/18/2022,0:00,24.83
9/18/2022,1:00,24.85
9/18/2022,2:00,24.87
9/18/2022,3:00,24.87
9/18/2022,4:00,24.87
9/18/2022,5:00,24.89
9/18/2022,6:00,24.9
9/18/2022,7:00,24.91
9/18/2022,8:00,24.92
9/18/2022,9:00,24.92
9/18/2022,10:00,24.93
9/18/2022,11:00,24.93
9/18/2022,12:00,24.99
9/18/2022,13:00,24.98
9/18/2022,14:00,24.98
9/18/2022,15:00,25
9/18/2022,16:00,25
9/18/2022,17:00,25
9/18/2022,18:00,25
9/18/2022,19:00,24.99
9/18/2022,20:00,24.98
9/18/2022,21:00,24.96
9/18/2022,22:00,24.95
9/18/2022,23:00,24.93
9/19/2022,0:00,24.92
9/19/2022,1:00,24.92
9/19/2022,2:00,24.9
9/19/2022,3:00,24.89
9/19/2022,4:00,24.87
9/19/2022,5:00,24.87
9/19/2022,6:00,24.87
9/19/2022,7:00,24.86
9/19/2022,8:00,24.85
9/19/2022,9:00,24.84
9/19/2022,10:00,24.83
9/19/2022,11:00,24.84
9/19/2022,12:00,24.88
9/19/2022,13:00,24.87
9/19/2022,14:00,24.85
9/19/2022,15:00,24.85
9/19/2022,16:00,24.89
9/19/2022,17:00,24.85
9/19/2022,18:00,24.84
9/19/2022,19:00,24.83
9/19/2022,20:00,24.82
9/19/2022,21:00,24.82
9/19/2022,22:00,24.81
9/19/2022,23:00,24.8
9/20/2022,0:00,24.8
9/20/2022,1:00,24.8
9/20/2022,2:00,24.77
9/20/2022,3:00,24.77
9/20/2022,4:00,24.75
9/20/2022,5:00,24.75
9/20/2022,6:00,24.75
9/20/2022,7:00,24.76
9/20/2022,8:00,24.76
9/20/2022,9:00,24.79
9/20/2022,10:00,24.75
9/20/2022,11:00,24.75
9/20/2022,12:00,24.79
9/20/2022,13:00,24.84
9/20/2022,14:00,24.82
9/20/2022,15:00,24.85
9/20/2022,16:00,24.84
9/20/2022,17:00,24.82
9/20/2022,18:00,24.81
9/20/2022,19:00,24.81
9/20/2022,20:00,24.82
9/20/2022,21:00,24.82
9/20/2022,22:00,24.81
9/20/2022,23:00,24.8
9/21/2022,0:00,24.8
9/21/2022,1:00,24.8
9/21/2022,2:00,24.8
9/21/2022,3:00,24.8
9/21/2022,4:00,24.8
9/21/2022,5:00,24.8
9/21/2022,6:00,24.8
9/21/2022,7:00,24.8
9/21/2022,8:00,24.8
9/21/2022,9:00,24.82
9/21/2022,10:00,24.81
9/21/2022,11:00,24.8
9/21/2022,12:00,24.85
9/21/2022,13:00,24.9
9/21/2022,14:00,24.86
9/21/2022,15:00,24.86
9/21/2022,16:00,24.86
9/21/2022,17:00,24.85
9/21/2022,18:00,24.85
9/21/2022,19:00,24.85
9/21/2022,20:00,24.84
9/21/2022,21:00,24.84
9/21/2022,22:00,24.83
9/21/2022,23:00,24.83
9/22/2022,0:00,24.83
9/22/2022,1:00,24.83
9/22/2022,2:00,24.82
9/22/2022,3:00,24.82
9/22/2022,4:00,24.81
9/22/2022,5:00,24.8
9/22/2022,6:00,24.8
9/22/2022,7:00,24.79
9/22/2022,8:00,24.79
9/22/2022,9:00,24.78
9/22/2022,10:00,24.83
9/22/2022,11:00,24.77
9/22/2022,12:00,24.82
9/22/2022,13:00,24.84
9/22/2022,14:00,24.8
9/22/2022,15:00,24.8
9/22/2022,16:00,24.79
9/22/2022,17:00,24.8
9/22/2022,18:00,24.77
9/22/2022,19:00,24.77
9/22/2022,20:00,24.75
9/22/2022,21:00,24.74
9/22/2022,22:00,24.74
9/22/2022,23:00,24.73
9/23/2022,0:00,24.72
9/23/2022,1:00,24.72
9/23/2022,2:00,24.71
9/23/2022,3:00,24.7
9/23/2022,4:00,24.71
9/23/2022,5:00,24.71
9/23/2022,6:00,24.7
9/23/2022,7:00,24.7
9/23/2022,8:00,24.69
9/23/2022,9:00,24.67
9/23/2022,10:00,24.67
9/23/2022,11:00,24.69
9/23/2022,12:00,24.73
9/23/2022,13:00,24.73
9/23/2022,14:00,24.77
9/23/2022,15:00,24.74
9/23/2022,16:00,24.74
9/23/2022,17:00,24.75
9/23/2022,18:00,24.72
9/23/2022,19:00,24.74
9/23/2022,20:00,24.73
9/23/2022,21:00,24.72
9/23/2022,22:00,24.72
9/23/2022,23:00,24.72
9/24/2022,0:00,24.72
9/24/2022,1:00,24.72
9/24/2022,2:00,24.73
9/24/2022,3:00,24.73
9/24/2022,4:00,24.72
9/24/2022,5:00,24.73
9/24/2022,6:00,24.72
9/24/2022,7:00,24.71
9/24/2022,8:00,24.73
9/24/2022,9:00,24.69
9/24/2022,10:00,24.7
9/24/2022,11:00,24.73
9/24/2022,12:00,24.75
9/24/2022,13:00,24.76
9/24/2022,14:00,24.77
9/24/2022,15:00,24.77
9/24/2022,16:00,24.77
9/24/2022,17:00,24.77
9/24/2022,18:00,24.75
9/24/2022,19:00,24.77
9/24/2022,20:00,24.75
9/24/2022,21:00,24.73
9/24/2022,22:00,24.73
9/24/2022,23:00,24.75
9/25/2022,0:00,24.75
9/25/2022,1:00,24.75
9/25/2022,2:00,24.75
9/25/2022,3:00,24.73
9/25/2022,4:00,24.74
9/25/2022,5:00,24.72
9/25/2022,6:00,24.73
9/25/2022,7:00,24.73
9/25/2022,8:00,24.73
9/25/2022,9:00,24.72
9/25/2022,10:00,24.72
9/25/2022,11:00,24.74
9/25/2022,12:00,24.77
9/25/2022,13:00,24.78
9/25/2022,14:00,24.78
9/25/2022,15:00,24.77
9/25/2022,16:00,24.78
9/25/2022,17:00,24.77
9/25/2022,18:00,24.75
9/25/2022,19:00,24.73
9/25/2022,20:00,24.74
9/25/2022,21:00,24.73
9/25/2022,22:00,24.73
9/25/2022,23:00,24.72
9/26/2022,0:00,24.71
9/26/2022,1:00,24.72
9/26/2022,2:00,24.72
9/26/2022,3:00,24.72
9/26/2022,4:00,24.71
9/26/2022,5:00,24.71
9/26/2022,6:00,24.7
9/26/2022,7:00,24.69
9/26/2022,8:00,24.69
9/26/2022,9:00,24.67
9/26/2022,10:00,24.7
9/26/2022,11:00,24.7
9/26/2022,12:00,24.75
9/26/2022,13:00,24.77
9/26/2022,14:00,24.78
9/26/2022,15:00,24.8
9/26/2022,16:00,24.82
9/26/2022,17:00,24.8
9/26/2022,18:00,24.81
9/26/2022,19:00,24.81
9/26/2022,20:00,24.8
9/26/2022,21:00,24.82
9/26/2022,22:00,24.82
9/26/2022,23:00,24.83
9/27/2022,0:00,24.84
9/27/2022,1:00,24.87
9/27/2022,2:00,24.87
9/27/2022,3:00,24.88
9/27/2022,4:00,24.88
9/27/2022,5:00,24.89
9/27/2022,6:00,24.91
9/27/2022,7:00,24.92
9/27/2022,8:00,24.93
9/27/2022,9:00,24.92
9/27/2022,10:00,24.92
9/27/2022,11:00,24.93
9/27/2022,12:00,24.96
9/27/2022,13:00,24.98
9/27/2022,14:00,24.99
9/27/2022,15:00,24.99
9/27/2022,16:00,25.04
9/27/2022,17:00,24.98
9/27/2022,18:00,24.98
9/27/2022,19:00,24.97
9/27/2022,20:00,24.96
9/27/2022,21:00,24.96
9/27/2022,22:00,24.96
9/27/2022,23:00,24.95
9/28/2022,0:00,24.96
9/28/2022,1:00,24.95
9/28/2022,2:00,24.95
9/28/2022,3:00,24.94
9/28/2022,4:00,24.94
9/28/2022,5:00,24.94
9/28/2022,6:00,24.94
9/28/2022,7:00,24.94
9/28/2022,8:00,24.93
9/28/2022,9:00,24.92
9/28/2022,10:00,24.9
9/28/2022,11:00,24.91
9/28/2022,12:00,24.94
9/28/2022,13:00,24.95
9/28/2022,14:00,24.95
9/28/2022,15:00,24.94
9/28/2022,16:00,24.95
9/28/2022,17:00,24.93
9/28/2022,18:00,24.92
9/28/2022,19:00,24.92
9/28/2022,20:00,24.91
9/28/2022,21:00,24.92
9/28/2022,22:00,24.91
9/28/2022,23:00,24.91
9/29/2022,0:00,24.91
9/29/2022,1:00,24.92
9/29/2022,2:00,24.92
9/29/2022,3:00,24.92
9/29/2022,4:00,24.92
9/29/2022,5:00,24.91
9/29/2022,6:00,24.92
9/29/2022,7:00,24.92
9/29/2022,8:00,24.92
9/29/2022,9:00,24.91
9/29/2022,10:00,24.9
9/29/2022,11:00,24.91
9/29/2022,12:00,24.92
9/29/2022,13:00,24.95
9/29/2022,14:00,24.96
9/29/2022,15:00,24.97
9/29/2022,16:00,24.95
9/29/2022,17:00,24.94
9/29/2022,18:00,24.94
9/29/2022,19:00,24.98
9/29/2022,20:00,24.93
9/29/2022,21:00,24.93
9/29/2022,22:00,24.96
9/29/2022,23:00,24.97
9/30/2022,0:00,24.98
9/30/2022,1:00,25
9/30/2022,2:00,25.01
9/30/2022,3:00,25.03
9/30/2022,4:00,25.03
9/30/2022,5:00,25.05
9/30/2022,6:00,25.05
9/30/2022,7:00,25.07
9/30/2022,8:00,25.08
9/30/2022,9:00,25.08
9/30/2022,10:00,25.07
9/30/2022,11:00,25.1
9/30/2022,12:00,25.14
9/30/2022,13:00,25.18
9/30/2022,14:00,25.19
9/30/2022,15:00,25.16
9/30/2022,16:00,25.15
9/30/2022,17:00,25.13
9/30/2022,18:00,25.08
9/30/2022,19:00,25.08
9/30/2022,20:00,25.06
9/30/2022,21:00,25.04
9/30/2022,22:00,25.03
9/30/2022,23:00,25.01
10/1/2022,0:00,25.01
10/1/2022,1:00,25
10/1/2022,2:00,24.98
10/1/2022,3:00,24.98
10/1/2022,4:00,24.95
10/1/2022,5:00,24.95
10/1/2022,6:00,24.93
10/1/2022,7:00,24.92
10/1/2022,8:00,24.91
10/1/2022,9:00,24.87
10/1/2022,10:00,24.82
10/1/2022,11:00,24.79
10/1/2022,12:00,24.79
10/1/2022,13:00,24.82
10/1/2022,14:00,24.82
10/1/2022,15:00,24.8
10/1/2022,16:00,24.79
10/1/2022,17:00,24.73
10/1/2022,18:00,24.69
10/1/2022,19:00,24.69
10/1/2022,20:00,24.68
10/1/2022,21:00,24.67
10/1/2022,22:00,24.65
10/1/2022,23:00,24.64
10/2/2022,0:00,24.63
10/2/2022,1:00,24.63
10/2/2022,2:00,24.62
10/2/2022,3:00,24.61
10/2/2022,4:00,24.6
10/2/2022,5:00,24.6
10/2/2022,6:00,24.59
10/2/2022,7:00,24.59
10/2/2022,8:00,24.58
10/2/2022,9:00,24.57
10/2/2022,10:00,24.54
10/2/2022,11:00,24.57
10/2/2022,12:00,24.62
10/2/2022,13:00,24.65
10/2/2022,14:00,24.67
10/2/2022,15:00,24.72
10/2/2022,16:00,24.75
10/2/2022,17:00,24.76
10/2/2022,18:00,24.76
10/2/2022,19:00,24.77
10/2/2022,20:00,24.78
10/2/2022,21:00,24.81
10/2/2022,22:00,24.82
10/2/2022,23:00,24.85
10/3/2022,0:00,24.86
10/3/2022,1:00,24.87
10/3/2022,2:00,24.87
10/3/2022,3:00,24.89
10/3/2022,4:00,24.89
10/3/2022,5:00,24.91
10/3/2022,6:00,24.91
10/3/2022,7:00,24.92
10/3/2022,8:00,24.94
10/3/2022,9:00,24.94
10/3/2022,10:00,24.92
10/3/2022,11:00,24.95
10/3/2022,12:00,24.98
10/3/2022,13:00,25.01
10/3/2022,14:00,25.03
10/3/2022,15:00,25.03
10/3/2022,16:00,25.03
10/3/2022,17:00,25.03
10/3/2022,18:00,25.02
10/3/2022,19:00,25.01
10/3/2022,20:00,25.02
10/3/2022,21:00,25.01
10/3/2022,22:00,24.97
10/3/2022,23:00,24.95
10/4/2022,0:00,24.92
10/4/2022,1:00,24.9
10/4/2022,2:00,24.88
10/4/2022,3:00,24.87
10/4/2022,4:00,24.85
10/4/2022,5:00,24.83
10/4/2022,6:00,24.8
10/4/2022,7:00,24.78
10/4/2022,8:00,24.76
10/4/2022,9:00,24.75
10/4/2022,10:00,24.71
10/4/2022,11:00,24.71
10/4/2022,12:00,24.74
10/4/2022,13:00,24.76
10/4/2022,14:00,24.76
10/4/2022,15:00,24.76
10/4/2022,16:00,24.76
10/4/2022,17:00,24.75
10/4/2022,18:00,24.74
10/4/2022,19:00,24.72
10/4/2022,20:00,24.72
10/4/2022,21:00,24.69
10/4/2022,22:00,24.67
10/4/2022,23:00,24.65
10/5/2022,0:00,24.66
10/5/2022,1:00,24.66
10/5/2022,2:00,24.66
10/5/2022,3:00,24.65
10/5/2022,4:00,24.64
10/5/2022,5:00,24.64
10/5/2022,6:00,24.64
10/5/2022,7:00,24.63
10/5/2022,8:00,24.62
10/5/2022,9:00,24.59
10/5/2022,10:00,24.61
10/5/2022,11:00,24.64
10/5/2022,12:00,24.67
10/5/2022,13:00,24.69
10/5/2022,14:00,24.69
10/5/2022,15:00,24.67
10/5/2022,16:00,24.7
10/5/2022,17:00,24.72
10/5/2022,18:00,24.69
10/5/2022,19:00,24.68
10/5/2022,20:00,24.68
10/5/2022,21:00,24.67
10/5/2022,22:00,24.67
10/5/2022,23:00,24.68
10/6/2022,0:00,24.68
10/6/2022,1:00,24.69
10/6/2022,2:00,24.69
10/6/2022,3:00,24.69
10/6/2022,4:00,24.69
10/6/2022,5:00,24.69
10/6/2022,6:00,24.69
10/6/2022,7:00,24.69
10/6/2022,8:00,24.7
10/6/2022,9:00,24.67
10/6/2022,10:00,24.69
10/6/2022,11:00,24.69
10/6/2022,12:00,24.67
10/6/2022,13:00,24.81
10/6/2022,14:00,24.75
10/6/2022,15:00,24.77
10/6/2022,16:00,24.75
10/6/2022,17:00,24.74
10/6/2022,18:00,24.77
10/6/2022,19:00,24.69
10/6/2022,20:00,24.7
10/6/2022,21:00,24.74
10/6/2022,22:00,24.72
10/6/2022,23:00,24.72
10/7/2022,0:00,24.71
10/7/2022,1:00,24.72
10/7/2022,2:00,24.71
10/7/2022,3:00,24.72
10/7/2022,4:00,24.72
10/7/2022,5:00,24.73
10/7/2022,6:00,24.73
10/7/2022,7:00,24.73
10/7/2022,8:00,24.73
10/7/2022,9:00,24.74
10/7/2022,10:00,24.73
10/7/2022,11:00,24.73
10/7/2022,12:00,24.79
10/7/2022,13:00,24.84
10/7/2022,14:00,24.85
10/7/2022,15:00,24.8
10/7/2022,16:00,24.82
10/7/2022,17:00,24.81
10/7/2022,18:00,24.8
10/7/2022,19:00,24.82
10/7/2022,20:00,24.81
10/7/2022,21:00,24.81
10/7/2022,22:00,24.8
10/7/2022,23:00,24.81
10/8/2022,0:00,24.82
10/8/2022,1:00,24.81
10/8/2022,2:00,24.81
10/8/2022,3:00,24.82
10/8/2022,4:00,24.81
10/8/2022,5:00,24.82
10/8/2022,6:00,24.82
10/8/2022,7:00,24.82
10/8/2022,8:00,24.78
10/8/2022,9:00,24.83
10/8/2022,10:00,24.82
10/8/2022,11:00,24.81
10/8/2022,12:00,24.77
10/8/2022,13:00,24.83
10/8/2022,14:00,24.83
10/8/2022,15:00,24.81
10/8/2022,16:00,24.82
10/8/2022,17:00,24.78
10/8/2022,18:00,24.78
10/8/2022,19:00,24.77
10/8/2022,20:00,24.75
10/8/2022,21:00,24.74
10/8/2022,22:00,24.73
10/8/2022,23:00,24.72
10/9/2022,0:00,24.72
10/9/2022,1:00,24.72
10/9/2022,2:00,24.72
10/9/2022,3:00,24.7
10/9/2022,4:00,24.71
10/9/2022,5:00,24.72
10/9/2022,6:00,24.72
10/9/2022,7:00,24.72
10/9/2022,8:00,24.74
10/9/2022,9:00,24.74
10/9/2022,10:00,24.72
10/9/2022,11:00,24.74
10/9/2022,12:00,24.79
10/9/2022,13:00,24.8
10/9/2022,14:00,24.75
10/9/2022,15:00,24.82
10/9/2022,16:00,24.84
10/9/2022,17:00,24.81
10/9/2022,18:00,24.8
10/9/2022,19:00,24.82
10/9/2022,20:00,24.81
10/9/2022,21:00,24.82
10/9/2022,22:00,24.83
10/9/2022,23:00,24.82
10/10/2022,0:00,24.83
10/10/2022,1:00,24.85
10/10/2022,2:00,24.84
10/10/2022,3:00,24.85
10/10/2022,4:00,24.85
10/10/2022,5:00,24.86
10/10/2022,6:00,24.87
10/10/2022,7:00,24.87
10/10/2022,8:00,24.87
10/10/2022,9:00,24.87
10/10/2022,10:00,24.86
10/10/2022,11:00,24.88
10/10/2022,12:00,24.9
10/10/2022,13:00,24.96
10/10/2022,14:00,24.94
10/10/2022,15:00,24.94
10/10/2022,16:00,24.93
10/10/2022,17:00,24.91
10/10/2022,18:00,24.9
10/10/2022,19:00,24.89
10/10/2022,20:00,24.89
10/10/2022,21:00,24.89
10/10/2022,22:00,24.88
10/10/2022,23:00,24.88
10/11/2022,0:00,24.87
10/11/2022,1:00,24.87
10/11/2022,2:00,24.87
10/11/2022,3:00,24.87
10/11/2022,4:00,24.87
10/11/2022,5:00,24.87
10/11/2022,6:00,24.87
10/11/2022,7:00,24.87
10/11/2022,8:00,24.87
10/11/2022,9:00,24.86
10/11/2022,10:00,24.84
10/11/2022,11:00,24.85
10/11/2022,12:00,24.87
10/11/2022,13:00,24.88
10/11/2022,14:00,24.88
10/11/2022,15:00,24.88
10/11/2022,16:00,24.87
10/11/2022,17:00,24.86
10/11/2022,18:00,24.85
10/11/2022,19:00,24.84
10/11/2022,20:00,24.85
10/11/2022,21:00,24.84
10/11/2022,22:00,24.84
10/11/2022,23:00,24.83
10/12/2022,0:00,24.83
10/12/2022,1:00,24.83
10/12/2022,2:00,24.83
10/12/2022,3:00,24.82
10/12/2022,4:00,24.83
10/12/2022,5:00,24.82
10/12/2022,6:00,24.82
10/12/2022,7:00,24.82
10/12/2022,8:00,24.83
10/12/2022,9:00,24.83
10/12/2022,10:00,24.83
10/12/2022,11:00,24.82
10/12/2022,12:00,24.85
10/12/2022,13:00,24.87
10/12/2022,14:00,24.9
10/12/2022,15:00,24.92
10/12/2022,16:00,24.92
10/12/2022,17:00,24.91
10/12/2022,18:00,24.91
10/12/2022,19:00,24.91
10/12/2022,20:00,24.92
10/12/2022,21:00,24.92
10/12/2022,22:00,24.92
10/12/2022,23:00,24.92
10/13/2022,0:00,24.93
10/13/2022,1:00,24.98
10/13/2022,2:00,24.99
10/13/2022,3:00,24.98
10/13/2022,4:00,24.95
10/13/2022,5:00,24.96
10/13/2022,6:00,24.98
10/13/2022,7:00,24.98
10/13/2022,8:00,25
10/13/2022,9:00,25
10/13/2022,10:00,24.98
10/13/2022,11:00,24.99
10/13/2022,12:00,25.02
10/13/2022,13:00,25.04
10/13/2022,14:00,25.05
10/13/2022,15:00,25.05
10/13/2022,16:00,25.08
10/13/2022,17:00,25.04
10/13/2022,18:00,25.04
10/13/2022,19:00,25.02
10/13/2022,20:00,25
10/13/2022,21:00,25
10/13/2022,22:00,24.99
10/13/2022,23:00,24.99
10/14/2022,0:00,24.98
10/14/2022,1:00,24.97
10/14/2022,2:00,24.96
10/14/2022,3:00,24.95
10/14/2022,4:00,24.95
10/14/2022,5:00,24.93
10/14/2022,6:00,24.93
10/14/2022,7:00,24.92
10/14/2022,8:00,24.91
10/14/2022,9:00,24.95
10/14/2022,10:00,24.87
10/14/2022,11:00,24.89
10/14/2022,12:00,24.9
10/14/2022,13:00,24.9
10/14/2022,14:00,24.9
10/14/2022,15:00,24.9
10/14/2022,16:00,24.9
10/14/2022,17:00,24.87
10/14/2022,18:00,24.85
10/14/2022,19:00,24.82
10/14/2022,20:00,24.82
10/14/2022,21:00,24.8
10/14/2022,22:00,24.79
10/14/2022,23:00,24.79
10/15/2022,0:00,24.78
10/15/2022,1:00,24.77
10/15/2022,2:00,24.77
10/15/2022,3:00,24.77
10/15/2022,4:00,24.77
10/15/2022,5:00,24.77
10/15/2022,6:00,24.77
10/15/2022,7:00,24.76
10/15/2022,8:00,24.76
10/15/2022,9:00,24.76
10/15/2022,10:00,24.73
10/15/2022,11:00,24.76
10/15/2022,12:00,24.78
10/15/2022,13:00,24.85
10/15/2022,14:00,24.82
10/15/2022,15:00,24.83
10/15/2022,16:00,24.82
10/15/2022,17:00,24.8
10/15/2022,18:00,24.79
10/15/2022,19:00,24.77
10/15/2022,20:00,24.76
10/15/2022,21:00,24.75
10/15/2022,22:00,24.74
10/15/2022,23:00,24.72
10/16/2022,0:00,24.72
10/16/2022,1:00,24.72
10/16/2022,2:00,24.72
10/16/2022,3:00,24.71
10/16/2022,4:00,24.71
10/16/2022,5:00,24.7
10/16/2022,6:00,24.71
10/16/2022,7:00,24.7
10/16/2022,8:00,24.7
10/16/2022,9:00,24.7
10/16/2022,10:00,24.7
10/16/2022,11:00,24.71
10/16/2022,12:00,24.71
10/16/2022,13:00,24.74
10/16/2022,14:00,24.72
10/16/2022,15:00,24.7
10/16/2022,16:00,24.71
10/16/2022,17:00,24.69
10/16/2022,18:00,24.72
10/16/2022,19:00,24.72
10/16/2022,20:00,24.71
10/16/2022,21:00,24.69
10/16/2022,22:00,24.68
10/16/2022,23:00,24.68
10/17/2022,0:00,24.69
10/17/2022,1:00,24.69
10/17/2022,2:00,24.7
10/17/2022,3:00,24.68
10/17/2022,4:00,24.68
10/17/2022,5:00,24.69
10/17/2022,6:00,24.69
10/17/2022,7:00,24.69
10/17/2022,8:00,24.64
10/17/2022,9:00,24.68
10/17/2022,10:00,24.69
10/17/2022,11:00,24.67
10/17/2022,12:00,24.69
10/17/2022,13:00,24.69
10/17/2022,14:00,24.69
10/17/2022,15:00,24.69
10/17/2022,16:00,24.68
10/17/2022,17:00,24.69
10/17/2022,18:00,24.68
10/17/2022,19:00,24.68
10/17/2022,20:00,24.66
10/17/2022,21:00,24.65
10/17/2022,22:00,24.65
10/17/2022,23:00,24.65
10/18/2022,0:00,24.66
10/18/2022,1:00,24.65
10/18/2022,2:00,24.65
10/18/2022,3:00,24.65
10/18/2022,4:00,24.65
10/18/2022,5:00,24.65
10/18/2022,6:00,24.65
10/18/2022,7:00,24.65
10/18/2022,8:00,24.65
10/18/2022,9:00,24.66
10/18/2022,10:00,24.64
10/18/2022,11:00,24.61
10/18/2022,12:00,24.66
10/18/2022,13:00,24.7
10/18/2022,14:00,24.71
10/18/2022,15:00,24.73
10/18/2022,16:00,24.75
10/18/2022,17:00,24.72
10/18/2022,18:00,24.71
10/18/2022,19:00,24.7
10/18/2022,20:00,24.7
10/18/2022,21:00,24.71
10/18/2022,22:00,24.71
10/18/2022,23:00,24.72
10/19/2022,0:00,24.72
10/19/2022,1:00,24.74
10/19/2022,2:00,24.74
10/19/2022,3:00,24.74
10/19/2022,4:00,24.74
10/19/2022,5:00,24.75
10/19/2022,6:00,24.75
10/19/2022,7:00,24.76
10/19/2022,8:00,24.76
10/19/2022,9:00,24.76
10/19/2022,10:00,24.72
10/19/2022,11:00,24.74
10/19/2022,12:00,24.77
10/19/2022,13:00,24.79
10/19/2022,14:00,24.8
10/19/2022,15:00,24.81
10/19/2022,16:00,24.81
10/19/2022,17:00,24.8
10/19/2022,18:00,24.79
10/19/2022,19:00,24.8
10/19/2022,20:00,24.8
10/19/2022,21:00,24.8
10/19/2022,22:00,24.8
10/19/2022,23:00,24.81
10/20/2022,0:00,24.81
10/20/2022,1:00,24.82
10/20/2022,2:00,24.82
10/20/2022,3:00,24.82
10/20/2022,4:00,24.82
10/20/2022,5:00,24.83
10/20/2022,6:00,24.83
10/20/2022,7:00,24.84
10/20/2022,8:00,24.83
10/20/2022,9:00,24.83
10/20/2022,10:00,24.8
10/20/2022,11:00,24.81
10/20/2022,12:00,24.83
10/20/2022,13:00,24.84
10/20/2022,14:00,24.86
10/20/2022,15:00,24.87
10/20/2022,16:00,24.87
10/20/2022,17:00,24.86
10/20/2022,18:00,24.85
10/20/2022,19:00,24.86
10/20/2022,20:00,24.86
10/20/2022,21:00,24.86
10/20/2022,22:00,24.86
10/20/2022,23:00,24.86
10/21/2022,0:00,24.86
10/21/2022,1:00,24.87
10/21/2022,2:00,24.86
10/21/2022,3:00,24.87
10/21/2022,4:00,24.87
10/21/2022,5:00,24.87
10/21/2022,6:00,24.87
10/21/2022,7:00,24.87
10/21/2022,8:00,24.87
10/21/2022,9:00,24.87
10/21/2022,10:00,24.85
10/21/2022,11:00,24.86
10/21/2022,12:00,24.88
10/21/2022,13:00,24.9
10/21/2022,14:00,24.91
10/21/2022,15:00,24.91
10/21/2022,16:00,24.9
10/21/2022,17:00,24.9
10/21/2022,18:00,24.89
10/21/2022,19:00,24.88
10/21/2022,20:00,24.9
10/21/2022,21:00,24.9
10/21/2022,22:00,24.9
10/21/2022,23:00,24.88
10/22/2022,0:00,24.87
10/22/2022,1:00,24.88
10/22/2022,2:00,24.88
10/22/2022,3:00,24.89
10/22/2022,4:00,24.9
10/22/2022,5:00,24.9
10/22/2022,6:00,24.9
10/22/2022,7:00,24.9
10/22/2022,8:00,24.9
10/22/2022,9:00,24.89
10/22/2022,10:00,24.88
10/22/2022,11:00,24.86
10/22/2022,12:00,24.89
10/22/2022,13:00,24.9
10/22/2022,14:00,24.91
10/22/2022,15:00,24.88
10/22/2022,16:00,24.88
10/22/2022,17:00,24.87
10/22/2022,18:00,24.9
10/22/2022,19:00,24.89
10/22/2022,20:00,24.89
10/22/2022,21:00,24.88
10/22/2022,22:00,24.9
10/22/2022,23:00,24.9
10/23/2022,0:00,24.91
10/23/2022,1:00,24.92
10/23/2022,2:00,24.91
10/23/2022,3:00,24.92
10/23/2022,4:00,24.92
10/23/2022,5:00,24.92
10/23/2022,6:00,24.92
10/23/2022,7:00,24.93
10/23/2022,8:00,24.93
10/23/2022,9:00,24.93
10/23/2022,10:00,24.92
10/23/2022,11:00,24.92
10/23/2022,12:00,24.95
10/23/2022,13:00,24.97
10/23/2022,14:00,24.97
10/23/2022,15:00,24.98
10/23/2022,16:00,24.96
10/23/2022,17:00,24.98
10/23/2022,18:00,24.97
10/23/2022,19:00,24.98
10/23/2022,20:00,24.98
10/23/2022,21:00,24.97
10/23/2022,22:00,24.99
10/23/2022,23:00,24.98
10/24/2022,0:00,24.98
10/24/2022,1:00,24.99
10/24/2022,2:00,24.99
10/24/2022,3:00,24.99
10/24/2022,4:00,24.99
10/24/2022,5:00,24.99
10/24/2022,6:00,24.99
10/24/2022,7:00,24.99
10/24/2022,8:00,24.99
10/24/2022,9:00,25
10/24/2022,10:00,24.99
10/24/2022,11:00,25
10/24/2022,12:00,25
10/24/2022,13:00,25.03
10/24/2022,14:00,25.02
10/24/2022,15:00,25.03
10/24/2022,16:00,25.04
10/24/2022,17:00,25.01
10/24/2022,18:00,25.02
10/24/2022,19:00,25.03
10/24/2022,20:00,25.02
10/24/2022,21:00,25.03
10/24/2022,22:00,25.03
10/24/2022,23:00,25.03
10/25/2022,0:00,25.02
10/25/2022,1:00,25.01
10/25/2022,2:00,25.03
10/25/2022,3:00,25.05
10/25/2022,4:00,25.07
10/25/2022,5:00,25.08
10/25/2022,6:00,25.08
10/25/2022,7:00,25.09
10/25/2022,8:00,25.1
10/25/2022,9:00,25.13
10/25/2022,10:00,25.13
10/25/2022,11:00,25.14
10/25/2022,12:00,25.15
10/25/2022,13:00,25.15
10/25/2022,14:00,25.15
10/25/2022,15:00,25.18
10/25/2022,16:00,25.19
10/25/2022,17:00,25.18
10/25/2022,18:00,25.16
10/25/2022,19:00,25.14
10/25/2022,20:00,25.13
10/25/2022,21:00,25.12
10/25/2022,22:00,25.11
10/25/2022,23:00,25.08
10/26/2022,0:00,25.07
10/26/2022,1:00,25.05
10/26/2022,2:00,25.02
10/26/2022,3:00,25
10/26/2022,4:00,24.97
10/26/2022,5:00,24.93
10/26/2022,6:00,24.9
10/26/2022,7:00,24.88
10/26/2022,8:00,24.87
10/26/2022,9:00,24.9
10/26/2022,10:00,24.86
10/26/2022,11:00,24.88
10/26/2022,12:00,24.88
10/26/2022,13:00,24.92
10/26/2022,14:00,24.94
10/26/2022,15:00,24.94
10/26/2022,16:00,24.92
10/26/2022,17:00,24.91
10/26/2022,18:00,24.9
10/26/2022,19:00,24.9
10/26/2022,20:00,24.87
10/26/2022,21:00,24.89
10/26/2022,22:00,24.89
10/26/2022,23:00,24.88
10/27/2022,0:00,24.89
10/27/2022,1:00,24.89
10/27/2022,2:00,24.89
10/27/2022,3:00,24.89
10/27/2022,4:00,24.89
10/27/2022,5:00,24.88
10/27/2022,6:00,24.89
10/27/2022,7:00,24.89
10/27/2022,8:00,24.9
10/27/2022,9:00,24.89
10/27/2022,10:00,24.87
10/27/2022,11:00,24.87
10/27/2022,12:00,24.88
10/27/2022,13:00,24.93
10/27/2022,14:00,24.94
10/27/2022,15:00,24.92
10/27/2022,16:00,24.92
10/27/2022,17:00,24.9
10/27/2022,18:00,24.88
10/27/2022,19:00,24.88
10/27/2022,20:00,24.88
10/27/2022,21:00,24.87
10/27/2022,22:00,24.87
10/27/2022,23:00,24.86
10/28/2022,0:00,24.86
10/28/2022,1:00,24.85
10/28/2022,2:00,24.85
10/28/2022,3:00,24.85
10/28/2022,4:00,24.84
10/28/2022,5:00,24.84
10/28/2022,6:00,24.83
10/28/2022,7:00,24.83
10/28/2022,8:00,24.84
10/28/2022,9:00,24.83
10/28/2022,10:00,24.82
10/28/2022,11:00,24.81
10/28/2022,12:00,24.8
10/28/2022,13:00,24.81
10/28/2022,14:00,24.81
10/28/2022,15:00,24.82
10/28/2022,16:00,24.81
10/28/2022,17:00,24.8
10/28/2022,18:00,24.8
10/28/2022,19:00,24.8
10/28/2022,20:00,24.79
10/28/2022,21:00,24.77
10/28/2022,22:00,24.78
10/28/2022,23:00,24.75
10/29/2022,0:00,24.77
10/29/2022,1:00,24.77
10/29/2022,2:00,24.79
10/29/2022,3:00,24.78
10/29/2022,4:00,24.78
10/29/2022,5:00,24.78
10/29/2022,6:00,24.8
10/29/2022,7:00,24.82
10/29/2022,8:00,24.82
10/29/2022,9:00,24.83
10/29/2022,10:00,24.84
10/29/2022,11:00,24.81
10/29/2022,12:00,24.8
10/29/2022,13:00,24.81
10/29/2022,14:00,24.85
10/29/2022,15:00,24.88
10/29/2022,16:00,24.88
10/29/2022,17:00,24.9
10/29/2022,18:00,24.91
10/29/2022,19:00,24.92
10/29/2022,20:00,24.93
10/29/2022,21:00,24.94
10/29/2022,22:00,24.96
10/29/2022,23:00,24.94
10/30/2022,0:00,24.93
10/30/2022,1:00,24.93
10/30/2022,2:00,24.92
10/30/2022,3:00,24.92
10/30/2022,4:00,24.92
10/30/2022,5:00,24.92
10/30/2022,6:00,24.91
10/30/2022,7:00,24.9
10/30/2022,8:00,24.9
10/30/2022,9:00,24.89
10/30/2022,10:00,24.87
10/30/2022,11:00,24.85
10/30/2022,12:00,24.84
10/30/2022,13:00,24.81
10/30/2022,14:00,24.77
10/30/2022,15:00,24.74
10/30/2022,16:00,24.72
10/30/2022,17:00,24.68
10/30/2022,18:00,24.67
10/30/2022,19:00,24.65
10/30/2022,20:00,24.64
10/30/2022,21:00,24.64
10/30/2022,22:00,24.63
10/30/2022,23:00,24.64
10/31/2022,0:00,24.67
10/31/2022,1:00,24.66
10/31/2022,2:00,24.67
10/31/2022,3:00,24.67
10/31/2022,4:00,24.68
10/31/2022,5:00,24.68
10/31/2022,6:00,24.69
10/31/2022,7:00,24.7
10/31/2022,8:00,24.7
10/31/2022,9:00,24.7
10/31/2022,10:00,24.7
10/31/2022,11:00,24.69
10/31/2022,12:00,24.72
10/31/2022,13:00,24.76
10/31/2022,14:00,24.77
10/31/2022,15:00,24.77
10/31/2022,16:00,24.77
10/31/2022,17:00,24.77
10/31/2022,18:00,24.75
10/31/2022,19:00,24.77
10/31/2022,20:00,24.77
11/2/2022,12:00,25.01
11/2/2022,13:00,25.01
11/2/2022,14:00,25.01
11/2/2022,15:00,25.01
11/2/2022,16:00,25.01
11/2/2022,17:00,24.98
11/2/2022,18:00,24.97
11/2/2022,19:00,24.96
11/2/2022,20:00,24.95
11/2/2022,21:00,24.94
11/2/2022,22:00,24.93
11/2/2022,23:00,24.93
11/3/2022,0:00,24.93
11/3/2022,1:00,24.92
11/3/2022,2:00,24.91
11/3/2022,3:00,24.91
11/3/2022,4:00,24.9
11/3/2022,5:00,24.9
11/3/2022,6:00,24.89
11/3/2022,7:00,24.88
11/3/2022,8:00,24.87
11/3/2022,9:00,24.85
11/3/2022,10:00,24.87
11/3/2022,11:00,24.85
11/3/2022,12:00,24.82
11/3/2022,13:00,24.84
11/3/2022,14:00,24.86
11/3/2022,15:00,24.86
11/3/2022,16:00,24.85
11/3/2022,17:00,24.83
11/3/2022,18:00,24.76
11/3/2022,19:00,24.8
11/3/2022,20:00,24.82
11/3/2022,21:00,24.81
11/3/2022,22:00,24.8
11/3/2022,23:00,24.8
11/4/2022,0:00,24.8
11/4/2022,1:00,24.8
11/4/2022,2:00,24.8
11/4/2022,3:00,24.81
11/4/2022,4:00,24.8
11/4/2022,5:00,24.8
11/4/2022,6:00,24.81
11/4/2022,7:00,24.79
11/4/2022,8:00,24.81
11/4/2022,9:00,24.81
11/4/2022,10:00,24.81
11/4/2022,11:00,24.8
11/4/2022,12:00,24.8
11/4/2022,13:00,24.8
11/4/2022,14:00,24.8
11/4/2022,15:00,24.84
11/4/2022,16:00,24.83
11/4/2022,17:00,24.85
11/4/2022,18:00,24.85
11/4/2022,19:00,24.86
11/4/2022,20:00,24.86
11/4/2022,21:00,24.87
11/4/2022,22:00,24.89
11/4/2022,23:00,24.91
11/5/2022,0:00,25.07
11/5/2022,1:00,25.08
11/5/2022,2:00,25.13
11/5/2022,3:00,25.09
11/5/2022,4:00,25.12
11/5/2022,5:00,25.15
11/5/2022,6:00,25.2
11/5/2022,7:00,25.24
11/5/2022,8:00,25.25
11/5/2022,9:00,25.21
11/5/2022,10:00,25.17
11/5/2022,11:00,25.15
11/5/2022,12:00,25.11
11/5/2022,13:00,25.1
11/5/2022,14:00,25.08
11/5/2022,15:00,25.01
11/5/2022,16:00,25
11/5/2022,17:00,24.95
11/5/2022,18:00,24.95
11/5/2022,19:00,24.97
11/5/2022,20:00,24.96
11/5/2022,21:00,24.95
11/5/2022,22:00,24.95
11/5/2022,23:00,24.95
11/6/2022,0:00,24.95
11/6/2022,1:00,24.95
11/6/2022,1:00,24.95
11/6/2022,2:00,24.95
11/6/2022,3:00,24.95
11/6/2022,4:00,24.95
11/6/2022,5:00,24.95
11/6/2022,6:00,24.95
11/6/2022,7:00,24.94
11/6/2022,8:00,24.95
11/6/2022,9:00,24.93
11/6/2022,10:00,24.91
11/6/2022,11:00,24.9
11/6/2022,12:00,24.89
11/6/2022,13:00,24.91
11/6/2022,14:00,24.9
11/6/2022,15:00,24.89
11/6/2022,16:00,24.86
11/6/2022,17:00,24.86
11/6/2022,18:00,24.87
11/6/2022,19:00,24.87
11/6/2022,20:00,24.87
11/6/2022,21:00,24.87
11/6/2022,22:00,24.87
11/6/2022,23:00,24.87
11/7/2022,0:00,24.88
11/7/2022,1:00,24.88
11/7/2022,2:00,24.88
11/7/2022,3:00,24.89
11/7/2022,4:00,24.88
11/7/2022,5:00,24.89
11/7/2022,6:00,24.9
11/7/2022,7:00,24.9
11/7/2022,8:00,24.9
11/7/2022,9:00,24.9
11/7/2022,10:00,24.9
11/7/2022,11:00,24.92
11/7/2022,12:00,24.94
11/7/2022,13:00,24.95
11/7/2022,14:00,24.94
11/7/2022,15:00,24.95
11/7/2022,16:00,24.93
11/7/2022,17:00,24.92
11/7/2022,18:00,24.92
11/7/2022,19:00,24.92
11/7/2022,20:00,24.92
11/7/2022,21:00,24.92
11/7/2022,22:00,24.92
11/7/2022,23:00,24.92
11/8/2022,0:00,24.92
11/8/2022,1:00,24.92
11/8/2022,2:00,24.92
11/8/2022,3:00,24.93
11/8/2022,4:00,24.93
11/8/2022,5:00,24.93
11/8/2022,6:00,24.95
11/8/2022,7:00,24.93
11/8/2022,8:00,24.95
11/8/2022,9:00,24.95
11/8/2022,10:00,24.95
11/8/2022,11:00,24.95
11/8/2022,12:00,24.96
11/8/2022,13:00,24.98
11/8/2022,14:00,25
11/8/2022,15:00,25
11/8/2022,16:00,24.99
11/8/2022,17:00,24.98
11/8/2022,18:00,24.97
11/8/2022,19:00,24.97
11/8/2022,20:00,24.96
11/8/2022,21:00,24.96
11/8/2022,22:00,24.95
11/8/2022,23:00,24.93
11/9/2022,0:00,24.94
11/9/2022,1:00,24.93
11/9/2022,2:00,24.92
11/9/2022,3:00,24.92
11/9/2022,4:00,24.92
11/9/2022,5:00,24.92
11/9/2022,6:00,24.92
11/9/2022,7:00,24.92
11/9/2022,8:00,24.92
11/9/2022,9:00,24.93
11/9/2022,10:00,24.94
11/9/2022,11:00,24.93
11/9/2022,12:00,24.96
11/9/2022,13:00,24.99
11/9/2022,14:00,24.99
11/9/2022,15:00,25
11/9/2022,16:00,25
11/9/2022,17:00,24.98
11/9/2022,18:00,24.98
11/9/2022,19:00,24.99
11/9/2022,20:00,24.99
11/9/2022,21:00,24.98
11/9/2022,22:00,24.98
11/9/2022,23:00,24.98
11/10/2022,0:00,24.98
11/10/2022,1:00,24.98
11/10/2022,2:00,24.98
11/10/2022,3:00,24.98
11/10/2022,4:00,24.98
11/10/2022,5:00,24.98
11/10/2022,6:00,24.98
11/10/2022,7:00,24.98
11/10/2022,8:00,24.99
11/10/2022,9:00,24.98
11/10/2022,10:00,24.96
11/10/2022,11:00,24.98
11/10/2022,12:00,25
11/10/2022,13:00,25.03
11/10/2022,14:00,24.98
11/10/2022,15:00,25.03
11/10/2022,16:00,25
11/10/2022,17:00,24.99
11/10/2022,18:00,24.98
11/10/2022,19:00,24.98
11/10/2022,20:00,24.96
11/10/2022,21:00,24.95
11/10/2022,22:00,24.94
11/10/2022,23:00,24.94
11/11/2022,0:00,24.92
11/11/2022,1:00,24.92
11/11/2022,2:00,24.91
11/11/2022,3:00,24.9
11/11/2022,4:00,24.9
11/11/2022,5:00,24.89
11/11/2022,6:00,24.88
11/11/2022,7:00,24.87
11/11/2022,8:00,24.87
11/11/2022,9:00,24.87
11/11/2022,10:00,24.87
11/11/2022,11:00,24.87
11/11/2022,12:00,24.89
11/11/2022,13:00,24.9
11/11/2022,14:00,24.9
11/11/2022,15:00,24.94
11/11/2022,16:00,24.92
11/11/2022,17:00,24.96
11/11/2022,18:00,24.97
11/11/2022,19:00,24.96
11/11/2022,20:00,24.96
11/11/2022,21:00,24.96
11/11/2022,22:00,24.98
11/11/2022,23:00,24.99
11/12/2022,0:00,25
11/12/2022,1:00,25
11/12/2022,2:00,24.99
11/12/2022,3:00,24.99
11/12/2022,4:00,24.98
11/12/2022,5:00,24.98
11/12/2022,6:00,24.99
11/12/2022,7:00,24.99
11/12/2022,8:00,24.98
11/12/2022,9:00,24.99
11/12/2022,10:00,24.98
11/12/2022,11:00,24.97
11/12/2022,12:00,24.98
11/12/2022,13:00,24.99
11/12/2022,14:00,24.96
11/12/2022,15:00,25.03
11/12/2022,16:00,25.03
11/12/2022,17:00,25.05
11/12/2022,18:00,25.04
11/12/2022,19:00,25.03
11/12/2022,20:00,25
11/12/2022,21:00,24.99
11/12/2022,22:00,24.98
11/12/2022,23:00,24.97
11/13/2022,0:00,24.95
11/13/2022,1:00,24.94
11/13/2022,2:00,24.92
11/13/2022,3:00,24.9
11/13/2022,4:00,24.89
11/13/2022,5:00,24.87
11/13/2022,6:00,24.86
11/13/2022,7:00,24.86
11/13/2022,8:00,24.84
11/13/2022,9:00,24.82
11/13/2022,10:00,24.78
11/13/2022,11:00,24.82
11/13/2022,12:00,24.85
11/13/2022,13:00,24.86
11/13/2022,14:00,24.86
11/13/2022,15:00,24.87
11/13/2022,16:00,24.86
11/13/2022,17:00,24.85
11/13/2022,18:00,24.85
11/13/2022,19:00,24.86
11/13/2022,20:00,24.86
11/13/2022,21:00,24.86
11/13/2022,22:00,24.86
11/13/2022,23:00,24.86
11/14/2022,0:00,24.86
11/14/2022,1:00,24.87
11/14/2022,2:00,24.87
11/14/2022,4:00,24.87
11/14/2022,5:00,24.88
11/14/2022,10:00,24.88
11/14/2022,11:00,24.87
11/14/2022,13:00,24.88
11/14/2022,14:00,24.89
11/14/2022,15:00,24.92
11/14/2022,16:00,24.95
11/14/2022,17:00,24.97
11/14/2022,18:00,24.94
11/14/2022,19:00,24.95
11/14/2022,20:00,24.97
11/14/2022,21:00,24.95
11/14/2022,22:00,24.93
11/14/2022,23:00,24.92
11/15/2022,0:00,24.91
11/15/2022,1:00,24.9
11/15/2022,2:00,24.89
11/15/2022,3:00,24.88
11/15/2022,4:00,24.87
11/15/2022,5:00,24.85
11/15/2022,6:00,24.82
11/15/2022,7:00,24.81
11/15/2022,8:00,24.77
11/15/2022,9:00,24.75
11/15/2022,10:00,24.74
11/15/2022,11:00,24.69
11/15/2022,12:00,24.64
11/15/2022,13:00,24.6
11/15/2022,14:00,24.64
11/15/2022,15:00,24.63
11/15/2022,16:00,24.63
11/15/2022,17:00,24.61
11/15/2022,18:00,24.62
11/15/2022,19:00,24.61
11/15/2022,20:00,24.62
11/15/2022,21:00,24.62
11/15/2022,22:00,24.61
11/15/2022,23:00,24.6
11/16/2022,0:00,24.6
11/16/2022,1:00,24.6
11/16/2022,2:00,24.59
11/16/2022,3:00,24.6
11/16/2022,4:00,24.6
11/16/2022,5:00,24.6
11/16/2022,6:00,24.6
11/16/2022,7:00,24.62
11/16/2022,8:00,24.62
11/16/2022,9:00,24.61
11/16/2022,10:00,24.61
11/16/2022,11:00,24.62
11/16/2022,12:00,24.62
11/16/2022,13:00,24.65
11/16/2022,14:00,24.67
11/16/2022,15:00,24.7
11/16/2022,16:00,24.7
11/16/2022,17:00,24.69
11/16/2022,18:00,24.69
11/16/2022,19:00,24.69
11/16/2022,20:00,24.7
11/16/2022,21:00,24.71
11/16/2022,22:00,24.72
11/16/2022,23:00,24.71
11/17/2022,0:00,24.72
11/17/2022,1:00,24.72
11/17/2022,2:00,24.77
11/17/2022,3:00,24.8
11/17/2022,4:00,24.83
11/17/2022,5:00,24.87
11/17/2022,6:00,24.9
11/17/2022,7:00,24.93
11/17/2022,8:00,24.96
11/17/2022,9:00,24.98
11/17/2022,10:00,24.94
11/17/2022,11:00,24.96
11/17/2022,12:00,24.99
11/17/2022,13:00,25.01
11/17/2022,14:00,25.02
11/17/2022,15:00,25.03
11/17/2022,16:00,25
11/17/2022,17:00,24.99
11/17/2022,18:00,25
11/17/2022,19:00,24.98
11/17/2022,20:00,24.98
11/17/2022,21:00,25
11/17/2022,22:00,25
11/17/2022,23:00,25
11/18/2022,0:00,25
11/18/2022,1:00,24.98
11/18/2022,2:00,24.95
11/18/2022,3:00,24.93
11/18/2022,4:00,24.91
11/18/2022,5:00,24.9
11/18/2022,6:00,24.88
11/18/2022,7:00,24.87
11/18/2022,8:00,24.85
11/18/2022,9:00,24.85
11/18/2022,10:00,24.82
11/18/2022,11:00,24.85
11/18/2022,12:00,24.89
11/18/2022,13:00,24.91
11/18/2022,14:00,24.92
11/18/2022,15:00,24.91
11/18/2022,16:00,24.92
11/18/2022,17:00,24.92
11/18/2022,18:00,24.9
11/18/2022,19:00,24.91
11/18/2022,20:00,24.93
11/18/2022,21:00,24.94
11/18/2022,22:00,24.94
11/18/2022,23:00,24.95
11/19/2022,0:00,24.95
11/19/2022,1:00,24.98
11/19/2022,2:00,24.98
11/19/2022,3:00,24.98
11/19/2022,4:00,24.99
11/19/2022,5:00,25
11/19/2022,6:00,25.03
11/19/2022,7:00,25.05
11/19/2022,8:00,25.08
11/19/2022,9:00,25.09
11/19/2022,10:00,25.11
11/19/2022,11:00,25.13
11/19/2022,12:00,25.14
11/19/2022,13:00,25.14
11/19/2022,14:00,25.17
11/19/2022,15:00,25.19
11/19/2022,16:00,25.19
11/19/2022,17:00,25.2
11/19/2022,18:00,25.21
11/19/2022,19:00,25.22
11/19/2022,20:00,25.23
11/19/2022,21:00,25.23
11/19/2022,22:00,25.24
11/19/2022,23:00,25.21
11/20/2022,0:00,25.19
11/20/2022,1:00,25.18
11/20/2022,2:00,25.17
11/20/2022,3:00,25.15
11/20/2022,4:00,25.13
11/20/2022,5:00,25.12
11/20/2022,6:00,25.1
11/20/2022,7:00,25.09
11/20/2022,8:00,25.08
11/20/2022,9:00,25.05
11/20/2022,10:00,25
11/20/2022,11:00,25
11/20/2022,12:00,25
11/20/2022,13:00,24.99
11/20/2022,14:00,24.96
11/20/2022,15:00,24.98
11/20/2022,16:00,24.98
11/20/2022,17:00,24.93
11/20/2022,18:00,24.94
11/20/2022,19:00,24.93
11/20/2022,20:00,24.93
11/20/2022,21:00,24.92
11/20/2022,22:00,24.92
11/20/2022,23:00,24.92
11/21/2022,0:00,24.92
11/21/2022,1:00,24.92
11/21/2022,2:00,24.9
11/21/2022,3:00,24.9
11/21/2022,4:00,24.9
11/21/2022,5:00,24.9
11/21/2022,6:00,24.9
11/21/2022,7:00,24.92
11/21/2022,8:00,24.92
11/21/2022,9:00,24.92
11/21/2022,10:00,24.92
11/21/2022,11:00,24.93
11/21/2022,12:00,24.95
11/21/2022,13:00,24.95
11/21/2022,14:00,24.97
11/21/2022,15:00,24.98
11/21/2022,16:00,24.98
11/21/2022,17:00,24.99
11/21/2022,18:00,24.96
11/21/2022,19:00,24.95
11/21/2022,20:00,24.99
11/21/2022,21:00,24.96
11/21/2022,22:00,24.94
11/21/2022,23:00,24.93
11/22/2022,0:00,24.92
11/22/2022,1:00,24.92
11/22/2022,2:00,24.92
11/22/2022,3:00,24.92
11/22/2022,4:00,24.9
11/22/2022,5:00,24.89
11/22/2022,6:00,24.92
11/22/2022,7:00,24.93
11/22/2022,8:00,24.93
11/22/2022,9:00,24.93
11/22/2022,10:00,24.94
11/22/2022,11:00,24.95
11/22/2022,12:00,24.98
11/22/2022,13:00,25
11/22/2022,14:00,25.01
11/22/2022,15:00,25.02
11/22/2022,16:00,25.03
11/22/2022,17:00,25.03
11/22/2022,18:00,25.04
11/22/2022,19:00,25.05
11/22/2022,20:00,25.07
11/22/2022,21:00,25.07
11/22/2022,22:00,25.07
11/22/2022,23:00,25.08
11/23/2022,0:00,25.07
11/23/2022,1:00,25.08
11/23/2022,2:00,25.08
11/23/2022,3:00,25.06
11/23/2022,4:00,25.07
11/23/2022,5:00,25.06
11/23/2022,6:00,25.05
11/23/2022,7:00,25.05
11/23/2022,8:00,25.03
11/23/2022,9:00,25.03
11/23/2022,10:00,25.02
11/23/2022,11:00,25.01
11/23/2022,12:00,25.03
11/23/2022,13:00,25.03
11/23/2022,14:00,25.02
11/23/2022,15:00,25.05
11/23/2022,16:00,25.03
11/23/2022,17:00,25
11/23/2022,18:00,25.01
11/23/2022,19:00,25.01
11/23/2022,20:00,25
11/23/2022,21:00,25
11/23/2022,22:00,24.99
11/23/2022,23:00,24.99
11/24/2022,0:00,24.99
11/24/2022,1:00,24.98
11/24/2022,2:00,24.97
11/24/2022,3:00,24.97
11/24/2022,4:00,24.97
11/24/2022,5:00,24.96
11/24/2022,6:00,24.96
11/24/2022,7:00,24.96
11/24/2022,8:00,24.98
11/24/2022,9:00,24.97
11/24/2022,10:00,25
11/24/2022,11:00,25.01
11/24/2022,12:00,25.02
11/24/2022,13:00,25.02
11/24/2022,14:00,25.05
11/24/2022,15:00,25.11
11/24/2022,16:00,25.16
11/24/2022,17:00,25.18
11/24/2022,18:00,25.15
11/24/2022,19:00,25.14
11/24/2022,20:00,25.16
11/24/2022,21:00,25.17
11/24/2022,22:00,25.18
11/24/2022,23:00,25.17
11/25/2022,0:00,25.16
11/25/2022,1:00,25.17
11/25/2022,2:00,25.17
11/25/2022,3:00,25.19
11/25/2022,4:00,25.2
11/25/2022,5:00,25.19
11/25/2022,6:00,25.19
11/25/2022,7:00,25.19
11/25/2022,8:00,25.17
11/25/2022,9:00,25.13
11/25/2022,10:00,25.12
11/25/2022,11:00,25.1
11/25/2022,12:00,25.08
11/25/2022,13:00,25.06
11/25/2022,14:00,25.04
11/25/2022,15:00,25.02
11/25/2022,16:00,25.01
11/25/2022,17:00,24.98
11/25/2022,18:00,24.96
11/25/2022,19:00,24.94
11/25/2022,20:00,24.92
11/25/2022,21:00,24.91
11/25/2022,22:00,24.9
11/25/2022,23:00,24.87
11/26/2022,0:00,24.85
11/26/2022,1:00,24.81
11/26/2022,2:00,24.8
11/26/2022,3:00,24.77
11/26/2022,4:00,24.75
11/26/2022,5:00,24.75
11/26/2022,6:00,24.7
11/26/2022,7:00,24.68
11/26/2022,8:00,24.69
11/26/2022,9:00,24.66
11/26/2022,10:00,24.69
11/26/2022,11:00,24.7
11/26/2022,12:00,24.74
11/26/2022,13:00,24.76
11/26/2022,14:00,24.77
11/26/2022,15:00,24.77
11/26/2022,16:00,24.8
11/26/2022,17:00,24.8
11/26/2022,18:00,24.81
11/26/2022,19:00,24.82
11/26/2022,20:00,24.82
11/26/2022,21:00,24.82
11/26/2022,22:00,24.83
11/26/2022,23:00,24.85
11/27/2022,0:00,24.85
11/27/2022,1:00,24.85
11/27/2022,2:00,24.86
11/27/2022,3:00,24.87
11/27/2022,4:00,24.87
11/27/2022,5:00,24.88
11/27/2022,6:00,24.87
11/27/2022,7:00,24.9
11/27/2022,8:00,24.89
11/27/2022,9:00,24.9
11/27/2022,10:00,24.87
11/27/2022,11:00,24.91
11/27/2022,12:00,24.9
11/27/2022,13:00,24.96
11/27/2022,14:00,24.96
11/27/2022,15:00,24.96
11/27/2022,16:00,24.95
11/27/2022,17:00,24.95
11/27/2022,18:00,24.95
11/27/2022,19:00,24.95
11/27/2022,20:00,24.95
11/27/2022,21:00,24.95
11/27/2022,22:00,24.95
11/27/2022,23:00,24.95
11/28/2022,0:00,24.96
11/28/2022,1:00,24.96
11/28/2022,2:00,24.95
11/28/2022,3:00,24.93
11/28/2022,4:00,24.92
11/28/2022,5:00,24.92
11/28/2022,6:00,24.91
11/28/2022,7:00,24.95
11/28/2022,8:00,24.92
11/28/2022,9:00,24.88
