datetime,time,ht
7/31/2022,0:00,13.85
7/31/2022,1:00,13.85
7/31/2022,2:00,13.91
7/31/2022,3:00,13.85
7/31/2022,4:00,13.9
7/31/2022,5:00,13.92
7/31/2022,6:00,13.92
7/31/2022,7:00,13.85
7/31/2022,8:00,13.84
7/31/2022,9:00,13.91
7/31/2022,10:00,13.88
7/31/2022,11:00,13.84
7/31/2022,12:00,13.75
7/31/2022,13:00,13.83
7/31/2022,14:00,13.76
7/31/2022,15:00,13.76
7/31/2022,16:00,13.76
7/31/2022,17:00,13.89
7/31/2022,18:00,13.8
7/31/2022,19:00,13.79
7/31/2022,20:00,13.89
7/31/2022,21:00,13.86
7/31/2022,22:00,13.82
7/31/2022,23:00,13.87
8/1/2022,0:00,13.88
8/1/2022,1:00,13.89
8/1/2022,2:00,13.93
8/1/2022,3:00,13.94
8/1/2022,4:00,13.84
8/1/2022,5:00,13.94
8/1/2022,6:00,13.85
8/1/2022,7:00,13.9
8/1/2022,8:00,13.89
8/1/2022,9:00,13.9
8/1/2022,10:00,13.81
8/1/2022,11:00,13.9
8/1/2022,12:00,13.86
8/1/2022,13:00,13.87
8/1/2022,14:00,13.84
8/1/2022,15:00,13.97
8/1/2022,16:00,13.86
8/1/2022,17:00,13.87
8/1/2022,18:00,13.98
8/1/2022,19:00,13.93
8/1/2022,20:00,14
8/1/2022,21:00,14
8/1/2022,22:00,13.98
8/1/2022,23:00,14.02
8/2/2022,0:00,14.01
8/2/2022,1:00,14.01
8/2/2022,2:00,14.07
8/2/2022,3:00,14.07
8/2/2022,4:00,14.08
8/2/2022,5:00,13.97
8/2/2022,6:00,14.09
8/2/2022,7:00,14.08
8/2/2022,8:00,14.07
8/2/2022,9:00,14.09
8/2/2022,10:00,13.98
8/2/2022,11:00,13.97
8/2/2022,12:00,13.98
8/2/2022,13:00,14
8/2/2022,14:00,14.04
8/2/2022,15:00,13.96
8/2/2022,16:00,14.04
8/2/2022,17:00,14.07
8/2/2022,18:00,14.12
8/2/2022,19:00,14.13
8/2/2022,20:00,14.06
8/2/2022,21:00,14.06
8/2/2022,22:00,14.12
8/2/2022,23:00,14.11
8/3/2022,0:00,14.12
8/3/2022,1:00,14.08
8/3/2022,2:00,14.09
8/3/2022,3:00,14.16
8/3/2022,4:00,14.17
8/3/2022,5:00,14.15
8/3/2022,6:00,14.18
8/3/2022,7:00,14.17
8/3/2022,8:00,14.18
8/3/2022,9:00,14.06
8/3/2022,10:00,14.13
8/3/2022,11:00,14.06
8/3/2022,12:00,14
8/3/2022,13:00,14.03
8/3/2022,14:00,13.97
8/3/2022,15:00,13.99
8/3/2022,16:00,14.01
8/3/2022,17:00,13.96
8/3/2022,18:00,13.94
8/3/2022,19:00,14.06
8/3/2022,20:00,14.11
8/3/2022,21:00,14.11
8/3/2022,22:00,14.1
8/3/2022,23:00,14.02
8/4/2022,0:00,13.98
8/4/2022,1:00,14
8/4/2022,2:00,13.95
8/4/2022,3:00,13.97
8/4/2022,4:00,14.01
8/4/2022,5:00,14.01
8/4/2022,6:00,14
8/4/2022,7:00,14
8/4/2022,8:00,13.98
8/4/2022,9:00,13.89
8/4/2022,10:00,13.9
8/4/2022,11:00,13.84
8/4/2022,12:00,13.85
8/4/2022,13:00,13.89
8/4/2022,14:00,13.88
8/4/2022,15:00,13.89
8/4/2022,16:00,13.89
8/4/2022,17:00,13.89
8/4/2022,18:00,13.89
8/4/2022,19:00,13.79
8/4/2022,20:00,13.85
8/4/2022,21:00,13.81
8/4/2022,22:00,13.83
8/4/2022,23:00,13.84
8/5/2022,0:00,13.87
8/5/2022,1:00,13.82
8/5/2022,2:00,13.86
8/5/2022,3:00,13.84
8/5/2022,4:00,13.87
8/5/2022,5:00,13.83
8/5/2022,6:00,13.86
8/5/2022,7:00,13.8
8/5/2022,8:00,13.79
8/5/2022,9:00,13.79
8/5/2022,10:00,13.84
8/5/2022,11:00,13.84
8/5/2022,12:00,13.76
8/5/2022,13:00,13.76
8/5/2022,14:00,13.7
8/5/2022,15:00,13.71
8/5/2022,16:00,13.79
8/5/2022,17:00,13.81
8/5/2022,18:00,13.84
8/5/2022,19:00,13.84
8/5/2022,20:00,13.8
8/5/2022,21:00,13.8
8/5/2022,22:00,13.85
8/5/2022,23:00,13.8
8/6/2022,0:00,13.83
8/6/2022,1:00,13.93
8/6/2022,2:00,13.84
8/6/2022,3:00,13.88
8/6/2022,4:00,13.94
8/6/2022,5:00,13.91
8/6/2022,6:00,13.96
8/6/2022,7:00,13.95
8/6/2022,8:00,13.95
8/6/2022,9:00,13.91
8/6/2022,10:00,13.98
8/6/2022,11:00,13.99
8/6/2022,12:00,13.97
8/6/2022,13:00,13.96
8/6/2022,14:00,13.95
8/6/2022,15:00,13.95
8/6/2022,16:00,13.95
8/6/2022,17:00,13.95
8/6/2022,18:00,13.98
8/6/2022,19:00,14.02
8/6/2022,20:00,14.02
8/6/2022,21:00,14.05
8/6/2022,22:00,14.03
8/6/2022,23:00,14.03
8/7/2022,0:00,14.01
8/7/2022,1:00,14.03
8/7/2022,2:00,14.07
8/7/2022,3:00,14.08
8/7/2022,4:00,14.08
8/7/2022,5:00,14.09
8/7/2022,6:00,14.08
8/7/2022,7:00,14.1
8/7/2022,8:00,14.03
8/7/2022,9:00,14.1
8/7/2022,10:00,14.13
8/7/2022,11:00,14.13
8/7/2022,12:00,14.13
8/7/2022,13:00,14.15
8/7/2022,14:00,14.15
8/7/2022,15:00,14.08
8/7/2022,16:00,14.11
8/7/2022,17:00,14.11
8/7/2022,18:00,14.07
8/7/2022,19:00,14.15
8/7/2022,20:00,14.12
8/7/2022,21:00,14.05
8/7/2022,22:00,14.09
8/7/2022,23:00,14.05
8/8/2022,0:00,14.12
8/8/2022,1:00,14.11
8/8/2022,2:00,14.09
8/8/2022,3:00,14.06
8/8/2022,4:00,14.05
8/8/2022,5:00,14.05
8/8/2022,6:00,13.94
8/8/2022,7:00,13.96
8/8/2022,8:00,13.92
8/8/2022,9:00,14
8/8/2022,10:00,13.92
8/8/2022,11:00,13.95
8/8/2022,12:00,13.94
8/8/2022,13:00,13.93
8/8/2022,14:00,13.92
8/8/2022,15:00,13.81
8/8/2022,16:00,13.88
8/8/2022,17:00,13.8
8/8/2022,18:00,13.82
8/8/2022,19:00,13.77
8/8/2022,20:00,13.8
8/8/2022,21:00,13.84
8/8/2022,22:00,13.72
8/8/2022,23:00,13.8
8/9/2022,0:00,13.82
8/9/2022,1:00,13.82
8/9/2022,2:00,13.78
8/9/2022,3:00,13.77
8/9/2022,4:00,13.76
8/9/2022,5:00,13.66
8/9/2022,6:00,13.66
8/9/2022,7:00,13.72
8/9/2022,8:00,13.72
8/9/2022,9:00,13.63
8/9/2022,10:00,13.6
8/9/2022,11:00,13.56
8/9/2022,12:00,13.64
8/9/2022,13:00,13.54
8/9/2022,14:00,13.54
8/9/2022,15:00,13.42
8/9/2022,16:00,13.54
8/9/2022,17:00,13.52
8/9/2022,18:00,13.54
8/9/2022,19:00,13.62
8/9/2022,20:00,13.67
8/9/2022,21:00,13.75
8/9/2022,22:00,13.73
8/9/2022,23:00,13.75
8/10/2022,0:00,13.82
8/10/2022,1:00,13.8
8/10/2022,2:00,13.84
8/10/2022,3:00,13.83
8/10/2022,4:00,13.88
8/10/2022,5:00,13.88
8/10/2022,6:00,13.91
8/10/2022,7:00,13.93
8/10/2022,8:00,13.94
8/10/2022,9:00,13.98
8/10/2022,10:00,14.01
8/10/2022,11:00,13.89
8/10/2022,12:00,13.97
8/10/2022,13:00,13.95
8/10/2022,14:00,14.09
8/10/2022,15:00,14.04
8/10/2022,16:00,14.1
8/10/2022,17:00,14.16
8/10/2022,18:00,14.16
8/10/2022,19:00,14.17
8/10/2022,20:00,14.14
8/10/2022,21:00,14.11
8/10/2022,22:00,14.01
8/10/2022,23:00,14.07
8/11/2022,0:00,14.06
8/11/2022,1:00,14.05
8/11/2022,2:00,13.99
8/11/2022,3:00,14.05
8/11/2022,4:00,14.06
8/11/2022,5:00,14.05
8/11/2022,6:00,14.05
8/11/2022,7:00,14.03
8/11/2022,8:00,13.97
8/11/2022,9:00,13.96
8/11/2022,10:00,13.99
8/11/2022,11:00,13.98
8/11/2022,12:00,13.96
8/11/2022,13:00,13.96
8/11/2022,14:00,13.88
8/11/2022,15:00,13.87
8/11/2022,16:00,13.8
8/11/2022,17:00,13.76
8/11/2022,18:00,13.9
8/11/2022,19:00,13.88
8/11/2022,20:00,13.92
8/11/2022,21:00,13.92
8/11/2022,22:00,13.92
8/11/2022,23:00,13.89
8/12/2022,0:00,13.91
8/12/2022,1:00,13.89
8/12/2022,2:00,13.88
8/12/2022,3:00,13.87
8/12/2022,4:00,13.76
8/12/2022,5:00,13.82
8/12/2022,6:00,13.82
8/12/2022,7:00,13.82
8/12/2022,8:00,13.77
8/12/2022,9:00,13.75
8/12/2022,10:00,13.74
8/12/2022,11:00,13.76
8/12/2022,12:00,13.67
8/12/2022,13:00,13.7
8/12/2022,14:00,13.7
8/12/2022,15:00,13.72
8/12/2022,16:00,13.7
8/12/2022,17:00,13.71
8/12/2022,18:00,13.74
8/12/2022,19:00,13.73
8/12/2022,20:00,13.75
8/12/2022,21:00,13.76
8/12/2022,22:00,13.77
8/12/2022,23:00,13.7
8/13/2022,0:00,13.73
8/13/2022,1:00,13.69
8/13/2022,2:00,13.71
8/13/2022,3:00,13.82
8/13/2022,4:00,13.82
8/13/2022,5:00,13.81
8/13/2022,6:00,13.79
8/13/2022,7:00,13.82
8/13/2022,8:00,13.82
8/13/2022,9:00,13.81
8/13/2022,10:00,13.73
8/13/2022,11:00,13.74
8/13/2022,12:00,13.8
8/13/2022,13:00,13.73
8/13/2022,14:00,13.73
8/13/2022,15:00,13.68
8/13/2022,16:00,13.68
8/13/2022,17:00,13.66
8/13/2022,18:00,13.71
8/13/2022,19:00,13.66
8/13/2022,20:00,13.66
8/13/2022,21:00,13.68
8/13/2022,22:00,13.73
8/13/2022,23:00,13.76
8/14/2022,0:00,13.78
8/14/2022,1:00,13.8
8/14/2022,2:00,13.82
8/14/2022,3:00,13.82
8/14/2022,4:00,13.79
8/14/2022,5:00,13.84
8/14/2022,6:00,13.86
8/14/2022,7:00,13.86
8/14/2022,8:00,13.82
8/14/2022,9:00,13.87
8/14/2022,10:00,13.89
8/14/2022,11:00,13.89
8/14/2022,12:00,13.8
8/14/2022,13:00,13.91
8/14/2022,14:00,13.9
8/14/2022,15:00,13.83
8/14/2022,16:00,13.93
8/14/2022,17:00,13.88
8/14/2022,18:00,13.93
8/14/2022,19:00,13.91
8/14/2022,20:00,13.87
8/14/2022,21:00,13.86
8/14/2022,22:00,13.92
8/14/2022,23:00,13.94
8/15/2022,0:00,13.95
8/15/2022,1:00,13.94
8/15/2022,2:00,13.94
8/15/2022,3:00,13.84
8/15/2022,4:00,13.9
8/15/2022,5:00,13.85
8/15/2022,6:00,13.85
8/15/2022,7:00,13.84
8/15/2022,8:00,13.92
8/15/2022,9:00,13.92
8/15/2022,10:00,13.9
8/15/2022,11:00,13.9
8/15/2022,12:00,13.86
8/15/2022,13:00,13.93
8/15/2022,14:00,13.92
8/15/2022,15:00,13.99
8/15/2022,16:00,13.99
8/15/2022,17:00,14
8/15/2022,18:00,14
8/15/2022,19:00,13.99
8/15/2022,20:00,13.98
8/15/2022,21:00,13.99
8/15/2022,22:00,13.99
8/15/2022,23:00,13.99
8/16/2022,0:00,13.99
8/16/2022,1:00,13.99
8/16/2022,2:00,14
8/16/2022,3:00,13.92
8/16/2022,4:00,13.82
8/16/2022,5:00,13.91
8/16/2022,6:00,13.9
8/16/2022,7:00,13.83
8/16/2022,8:00,13.94
8/16/2022,9:00,13.91
8/16/2022,10:00,13.9
8/16/2022,11:00,13.94
8/16/2022,12:00,13.9
8/16/2022,13:00,13.93
8/16/2022,14:00,14
8/16/2022,15:00,14.02
8/16/2022,16:00,14.02
8/16/2022,17:00,13.94
8/16/2022,18:00,13.95
8/16/2022,19:00,13.95
8/16/2022,20:00,14.01
8/16/2022,21:00,13.99
8/16/2022,22:00,13.98
8/16/2022,23:00,13.99
8/17/2022,0:00,14.01
8/17/2022,1:00,14.01
8/17/2022,2:00,14.01
8/17/2022,3:00,13.88
8/17/2022,4:00,13.86
8/17/2022,5:00,13.86
8/17/2022,6:00,13.93
8/17/2022,7:00,13.87
8/17/2022,8:00,13.87
8/17/2022,9:00,13.88
8/17/2022,10:00,13.87
8/17/2022,11:00,13.9
8/17/2022,12:00,13.84
8/17/2022,13:00,13.82
8/17/2022,14:00,13.87
8/17/2022,15:00,13.94
8/17/2022,16:00,13.98
8/17/2022,17:00,13.88
8/17/2022,18:00,13.93
8/17/2022,19:00,13.97
8/17/2022,20:00,13.83
8/17/2022,21:00,13.83
8/17/2022,22:00,13.83
8/17/2022,23:00,13.83
8/18/2022,0:00,13.85
8/18/2022,1:00,13.87
8/18/2022,2:00,13.85
8/18/2022,3:00,13.81
8/18/2022,4:00,13.85
8/18/2022,5:00,13.83
8/18/2022,6:00,13.94
8/18/2022,7:00,13.85
8/18/2022,8:00,13.86
8/18/2022,9:00,13.83
8/18/2022,10:00,13.85
8/18/2022,11:00,13.84
8/18/2022,12:00,13.79
8/18/2022,13:00,13.9
8/18/2022,14:00,13.91
8/18/2022,15:00,13.96
8/18/2022,16:00,13.9
8/18/2022,17:00,13.85
8/18/2022,18:00,13.85
8/18/2022,19:00,13.8
8/18/2022,20:00,13.86
8/18/2022,21:00,13.97
8/18/2022,22:00,14
8/18/2022,23:00,13.96
8/19/2022,0:00,14
8/19/2022,1:00,13.99
8/19/2022,2:00,14.01
8/19/2022,3:00,13.96
8/19/2022,4:00,13.99
8/19/2022,5:00,13.93
8/19/2022,6:00,13.99
8/19/2022,7:00,14.02
8/19/2022,8:00,14.02
8/19/2022,9:00,13.94
8/19/2022,10:00,13.95
8/19/2022,11:00,13.97
8/19/2022,12:00,13.97
8/19/2022,13:00,13.94
8/19/2022,14:00,14.03
8/19/2022,15:00,14.04
8/19/2022,16:00,13.93
8/19/2022,17:00,13.98
8/19/2022,18:00,14.04
8/19/2022,19:00,13.97
8/19/2022,20:00,13.97
8/19/2022,21:00,13.98
8/19/2022,22:00,14.05
8/19/2022,23:00,14.05
8/20/2022,0:00,14.05
8/20/2022,1:00,14.05
8/20/2022,2:00,13.92
8/20/2022,3:00,13.92
8/20/2022,4:00,13.99
8/20/2022,5:00,14.03
8/20/2022,6:00,13.98
8/20/2022,7:00,13.88
8/20/2022,8:00,13.89
8/20/2022,9:00,13.95
8/20/2022,10:00,13.86
8/20/2022,11:00,13.93
8/20/2022,12:00,13.83
8/20/2022,13:00,13.87
8/20/2022,14:00,13.86
8/20/2022,15:00,13.8
8/20/2022,16:00,13.85
8/20/2022,17:00,13.81
8/20/2022,18:00,13.78
8/20/2022,19:00,13.83
8/20/2022,20:00,13.79
8/20/2022,21:00,13.81
8/20/2022,22:00,13.84
8/20/2022,23:00,13.79
8/21/2022,0:00,13.83
8/21/2022,1:00,13.77
8/21/2022,2:00,13.83
8/21/2022,3:00,13.81
8/21/2022,4:00,13.79
8/21/2022,5:00,13.78
8/21/2022,6:00,13.77
8/21/2022,7:00,13.76
8/21/2022,8:00,13.75
8/21/2022,9:00,13.77
8/21/2022,10:00,13.72
8/21/2022,11:00,13.61
8/21/2022,12:00,13.71
8/21/2022,13:00,13.79
8/21/2022,14:00,13.66
8/21/2022,15:00,13.78
8/21/2022,16:00,13.78
8/21/2022,17:00,13.77
8/21/2022,18:00,13.79
8/21/2022,19:00,13.67
8/21/2022,20:00,13.87
8/21/2022,21:00,13.92
8/21/2022,22:00,13.93
8/21/2022,23:00,13.89
8/22/2022,0:00,13.99
8/22/2022,1:00,13.93
8/22/2022,2:00,13.99
8/22/2022,3:00,13.95
8/22/2022,4:00,13.97
8/22/2022,5:00,13.98
8/22/2022,6:00,13.96
8/22/2022,7:00,14.01
8/22/2022,8:00,13.99
8/22/2022,9:00,13.97
8/22/2022,10:00,14.09
8/22/2022,11:00,14.01
8/22/2022,12:00,14.04
8/22/2022,13:00,14.15
8/22/2022,14:00,14.12
8/22/2022,15:00,14.14
8/22/2022,16:00,14.09
8/22/2022,17:00,14.02
8/22/2022,18:00,14.08
8/22/2022,19:00,14.01
8/22/2022,20:00,14.04
8/22/2022,21:00,14.02
8/22/2022,22:00,13.97
8/22/2022,23:00,13.98
8/23/2022,0:00,13.94
8/23/2022,1:00,14.1
8/23/2022,2:00,14.08
8/23/2022,3:00,14.08
8/23/2022,4:00,14.08
8/23/2022,5:00,14.11
8/23/2022,6:00,14.11
8/23/2022,7:00,14.1
8/23/2022,8:00,13.98
8/23/2022,9:00,13.89
8/23/2022,10:00,13.87
8/23/2022,11:00,13.84
8/23/2022,12:00,13.79
8/23/2022,13:00,13.81
8/23/2022,14:00,13.76
8/23/2022,15:00,13.76
8/23/2022,16:00,13.62
8/23/2022,17:00,13.68
8/23/2022,18:00,13.69
8/23/2022,19:00,13.67
8/23/2022,20:00,13.67
8/23/2022,21:00,13.65
8/23/2022,22:00,13.55
8/23/2022,23:00,13.56
8/24/2022,0:00,13.5
8/24/2022,1:00,13.5
8/24/2022,2:00,13.57
8/24/2022,3:00,13.55
8/24/2022,4:00,13.58
8/24/2022,5:00,13.51
8/24/2022,6:00,13.65
8/24/2022,7:00,13.67
8/24/2022,8:00,13.71
8/24/2022,9:00,13.69
8/24/2022,10:00,13.72
8/24/2022,11:00,13.72
8/24/2022,12:00,13.78
8/24/2022,13:00,13.78
8/24/2022,14:00,13.78
8/24/2022,15:00,13.83
8/24/2022,16:00,13.88
8/24/2022,17:00,13.9
8/24/2022,18:00,13.97
8/24/2022,19:00,14
8/24/2022,20:00,14
8/24/2022,21:00,14.15
8/24/2022,22:00,14.17
8/24/2022,23:00,14.11
8/25/2022,0:00,14.18
8/25/2022,1:00,14.3
8/25/2022,2:00,14.32
8/25/2022,3:00,14.32
8/25/2022,4:00,14.31
8/25/2022,5:00,14.34
8/25/2022,6:00,14.35
8/25/2022,7:00,14.33
8/25/2022,8:00,14.27
8/25/2022,9:00,14.24
8/25/2022,10:00,14.21
8/25/2022,11:00,14.21
8/25/2022,12:00,14.23
8/25/2022,13:00,14.27
8/25/2022,14:00,14.23
8/25/2022,15:00,14.12
8/25/2022,16:00,14.16
8/25/2022,17:00,14.07
8/25/2022,18:00,14.15
8/25/2022,19:00,14.14
8/25/2022,20:00,14.09
8/25/2022,21:00,14.2
8/25/2022,22:00,14.22
8/25/2022,23:00,14.23
8/26/2022,0:00,14.24
8/26/2022,1:00,14.24
8/26/2022,2:00,14.25
8/26/2022,3:00,14.25
8/26/2022,4:00,14.26
8/26/2022,5:00,14.27
8/26/2022,6:00,14.27
8/26/2022,7:00,14.23
8/26/2022,8:00,14.28
8/26/2022,9:00,14.23
8/26/2022,10:00,14.28
8/26/2022,11:00,14.17
8/26/2022,12:00,14.22
8/26/2022,13:00,14.2
8/26/2022,14:00,14.2
8/26/2022,15:00,14.18
8/26/2022,16:00,14.19
8/26/2022,17:00,14.15
8/26/2022,18:00,14.27
8/26/2022,19:00,14.26
8/26/2022,20:00,14.25
8/26/2022,21:00,14.27
8/26/2022,22:00,14.15
8/26/2022,23:00,14.23
8/27/2022,0:00,14.26
8/27/2022,1:00,14.15
8/27/2022,2:00,14.2
8/27/2022,3:00,14.22
8/27/2022,4:00,14.23
8/27/2022,5:00,14.23
8/27/2022,6:00,14.22
8/27/2022,7:00,14.21
8/27/2022,8:00,14.19
8/27/2022,9:00,14.18
8/27/2022,10:00,14.15
8/27/2022,11:00,14.05
8/27/2022,12:00,14.11
8/27/2022,13:00,14.01
8/27/2022,14:00,14.08
8/27/2022,15:00,13.97
8/27/2022,16:00,13.92
8/27/2022,17:00,14.02
8/27/2022,18:00,13.85
8/27/2022,19:00,13.96
8/27/2022,20:00,13.92
8/27/2022,21:00,13.9
8/27/2022,22:00,13.92
8/27/2022,23:00,13.84
8/28/2022,0:00,13.9
8/28/2022,1:00,13.89
8/28/2022,2:00,13.84
8/28/2022,3:00,13.86
8/28/2022,4:00,13.85
8/28/2022,5:00,13.86
8/28/2022,6:00,13.84
8/28/2022,7:00,13.83
8/28/2022,8:00,13.81
8/28/2022,9:00,13.82
8/28/2022,10:00,13.81
8/28/2022,11:00,13.79
8/28/2022,12:00,13.83
8/28/2022,13:00,13.86
8/28/2022,14:00,13.85
8/28/2022,15:00,13.77
8/28/2022,16:00,13.76
8/28/2022,17:00,13.83
8/28/2022,18:00,13.8
8/28/2022,19:00,13.81
8/28/2022,20:00,13.84
8/28/2022,21:00,13.83
8/28/2022,22:00,13.86
8/28/2022,23:00,13.82
8/29/2022,0:00,13.9
8/29/2022,1:00,13.81
8/29/2022,2:00,13.87
8/29/2022,3:00,13.91
8/29/2022,4:00,13.9
8/29/2022,5:00,13.9
8/29/2022,6:00,13.91
8/29/2022,7:00,13.93
8/29/2022,8:00,13.93
8/29/2022,9:00,13.82
8/29/2022,10:00,13.84
8/29/2022,11:00,13.82
8/29/2022,12:00,13.92
8/29/2022,13:00,13.82
8/29/2022,14:00,13.87
8/29/2022,15:00,13.82
8/29/2022,16:00,13.8
8/29/2022,17:00,13.82
8/29/2022,18:00,13.86
8/29/2022,19:00,13.91
8/29/2022,20:00,13.89
8/29/2022,21:00,13.87
8/29/2022,22:00,13.81
8/29/2022,23:00,13.8
8/30/2022,0:00,13.83
8/30/2022,1:00,13.82
8/30/2022,2:00,13.82
8/30/2022,3:00,13.87
8/30/2022,4:00,13.85
8/30/2022,5:00,13.86
8/30/2022,6:00,13.87
8/30/2022,7:00,13.85
8/30/2022,8:00,13.85
8/30/2022,9:00,13.84
8/30/2022,10:00,13.84
8/30/2022,11:00,13.84
8/30/2022,12:00,13.83
8/30/2022,13:00,13.82
8/30/2022,14:00,13.8
8/30/2022,15:00,13.66
8/30/2022,16:00,13.78
8/30/2022,17:00,13.79
8/30/2022,18:00,13.81
8/30/2022,19:00,13.76
8/30/2022,20:00,13.87
8/30/2022,21:00,13.82
8/30/2022,22:00,13.85
8/30/2022,23:00,13.92
8/31/2022,0:00,13.87
8/31/2022,1:00,13.93
8/31/2022,2:00,13.91
8/31/2022,3:00,13.92
8/31/2022,4:00,13.91
8/31/2022,5:00,13.91
8/31/2022,6:00,13.91
8/31/2022,7:00,13.92
8/31/2022,8:00,13.93
8/31/2022,9:00,13.86
8/31/2022,10:00,13.86
8/31/2022,11:00,13.92
8/31/2022,12:00,13.86
8/31/2022,13:00,13.9
8/31/2022,14:00,13.89
8/31/2022,15:00,13.9
8/31/2022,16:00,13.89
8/31/2022,17:00,13.88
8/31/2022,18:00,13.89
8/31/2022,19:00,13.89
8/31/2022,20:00,13.89
8/31/2022,21:00,13.88
8/31/2022,22:00,13.88
8/31/2022,23:00,13.88
9/1/2022,0:00,13.87
9/1/2022,1:00,13.86
9/1/2022,2:00,13.86
9/1/2022,3:00,13.78
9/1/2022,4:00,13.86
9/1/2022,5:00,13.85
9/1/2022,6:00,13.85
9/1/2022,7:00,13.85
9/1/2022,8:00,13.85
9/1/2022,9:00,13.79
9/1/2022,10:00,13.84
9/1/2022,11:00,13.84
9/1/2022,12:00,13.82
9/1/2022,13:00,13.83
9/1/2022,14:00,13.79
9/1/2022,15:00,13.81
9/1/2022,16:00,13.81
9/1/2022,17:00,13.68
9/1/2022,18:00,13.78
9/1/2022,19:00,13.67
9/1/2022,20:00,13.79
9/1/2022,21:00,13.67
9/1/2022,22:00,13.77
9/1/2022,23:00,13.8
9/2/2022,0:00,13.8
9/2/2022,1:00,13.68
9/2/2022,2:00,13.78
9/2/2022,3:00,13.77
9/2/2022,4:00,13.76
9/2/2022,5:00,13.75
9/2/2022,6:00,13.78
9/2/2022,7:00,13.77
9/2/2022,8:00,13.76
9/2/2022,9:00,13.76
9/2/2022,10:00,13.75
9/2/2022,11:00,13.74
9/2/2022,12:00,13.74
9/2/2022,13:00,13.73
9/2/2022,14:00,13.72
9/2/2022,15:00,13.63
9/2/2022,16:00,13.55
9/2/2022,17:00,13.62
9/2/2022,18:00,13.76
9/2/2022,19:00,13.79
9/2/2022,20:00,13.86
9/2/2022,21:00,13.89
9/2/2022,22:00,13.88
9/2/2022,23:00,13.85
9/3/2022,0:00,13.87
9/3/2022,1:00,13.9
9/3/2022,2:00,13.92
9/3/2022,3:00,13.92
9/3/2022,4:00,13.92
9/3/2022,5:00,13.94
9/3/2022,6:00,13.96
9/3/2022,7:00,13.97
9/3/2022,8:00,13.98
9/3/2022,9:00,13.99
9/3/2022,10:00,14
9/3/2022,11:00,14.01
9/3/2022,12:00,14.03
9/3/2022,13:00,14.05
9/3/2022,14:00,14.06
9/3/2022,15:00,14.03
9/3/2022,16:00,14.07
9/3/2022,17:00,14.03
9/3/2022,18:00,14.01
9/3/2022,19:00,14.03
9/3/2022,20:00,14.08
9/3/2022,21:00,14.1
9/3/2022,22:00,13.98
9/3/2022,23:00,14.01
9/4/2022,0:00,14.03
9/4/2022,1:00,14.03
9/4/2022,2:00,13.98
9/4/2022,3:00,14.07
9/4/2022,4:00,14.05
9/4/2022,5:00,14.05
9/4/2022,6:00,14.04
9/4/2022,7:00,14.04
9/4/2022,8:00,14.02
9/4/2022,9:00,14.02
9/4/2022,10:00,14
9/4/2022,11:00,13.99
9/4/2022,12:00,13.96
9/4/2022,13:00,13.96
9/4/2022,14:00,13.95
9/4/2022,15:00,13.94
9/4/2022,16:00,13.93
9/4/2022,17:00,13.92
9/4/2022,18:00,13.89
9/4/2022,19:00,13.9
9/4/2022,20:00,13.89
9/4/2022,21:00,13.85
9/4/2022,22:00,13.84
9/4/2022,23:00,13.83
9/5/2022,0:00,13.82
9/5/2022,1:00,13.74
9/5/2022,2:00,13.79
9/5/2022,3:00,13.79
9/5/2022,4:00,13.78
9/5/2022,5:00,13.79
9/5/2022,6:00,13.77
9/5/2022,7:00,13.76
9/5/2022,8:00,13.74
9/5/2022,9:00,13.73
9/5/2022,10:00,13.72
9/5/2022,11:00,13.72
9/5/2022,12:00,13.65
9/5/2022,13:00,13.74
9/5/2022,14:00,13.76
9/5/2022,15:00,13.75
9/5/2022,16:00,13.76
9/5/2022,17:00,13.76
9/5/2022,18:00,13.64
9/5/2022,19:00,13.8
9/5/2022,20:00,13.79
9/5/2022,21:00,13.81
9/5/2022,22:00,13.79
9/5/2022,23:00,13.85
9/6/2022,0:00,13.85
9/6/2022,1:00,13.86
9/6/2022,2:00,13.89
9/6/2022,3:00,13.91
9/6/2022,4:00,13.86
9/6/2022,5:00,13.92
9/6/2022,6:00,13.96
9/6/2022,7:00,13.95
9/6/2022,8:00,13.95
9/6/2022,9:00,13.99
9/6/2022,10:00,14
9/6/2022,11:00,13.96
9/6/2022,12:00,14.01
9/6/2022,13:00,14.05
9/6/2022,14:00,14.05
9/6/2022,15:00,14.07
9/6/2022,16:00,14.06
9/6/2022,17:00,14.02
9/6/2022,18:00,13.94
9/6/2022,19:00,14
9/6/2022,20:00,14
9/6/2022,21:00,14
9/6/2022,22:00,13.99
9/6/2022,23:00,13.98
9/7/2022,0:00,13.98
9/7/2022,1:00,13.91
9/7/2022,2:00,13.92
9/7/2022,3:00,13.97
9/7/2022,4:00,13.97
9/7/2022,5:00,13.97
9/7/2022,6:00,13.97
9/7/2022,7:00,13.92
9/7/2022,8:00,13.89
9/7/2022,9:00,13.89
9/7/2022,10:00,13.96
9/7/2022,11:00,13.93
9/7/2022,12:00,13.84
9/7/2022,13:00,13.92
9/7/2022,14:00,13.89
9/7/2022,15:00,13.82
9/7/2022,16:00,13.82
9/7/2022,17:00,13.88
9/7/2022,18:00,13.82
9/7/2022,19:00,13.8
9/7/2022,20:00,13.91
9/7/2022,21:00,13.9
9/7/2022,22:00,13.9
9/7/2022,23:00,13.9
9/8/2022,0:00,13.88
9/8/2022,1:00,13.87
9/8/2022,2:00,13.86
9/8/2022,3:00,13.86
9/8/2022,4:00,13.85
9/8/2022,5:00,13.85
9/8/2022,6:00,13.85
9/8/2022,7:00,13.84
9/8/2022,8:00,13.84
9/8/2022,9:00,13.83
9/8/2022,10:00,13.83
9/8/2022,11:00,13.82
9/8/2022,12:00,13.71
9/8/2022,13:00,13.71
9/8/2022,14:00,13.67
9/8/2022,15:00,13.72
9/8/2022,16:00,13.71
9/8/2022,17:00,13.69
9/8/2022,18:00,13.67
9/8/2022,19:00,13.66
9/8/2022,20:00,13.7
9/8/2022,21:00,13.76
9/8/2022,22:00,13.8
9/8/2022,23:00,13.8
9/9/2022,0:00,13.81
9/9/2022,1:00,13.81
9/9/2022,2:00,13.83
9/9/2022,3:00,13.84
9/9/2022,4:00,13.85
9/9/2022,5:00,13.85
9/9/2022,6:00,13.86
9/9/2022,7:00,13.87
9/9/2022,8:00,13.87
9/9/2022,9:00,13.89
9/9/2022,10:00,13.9
9/9/2022,11:00,13.9
9/9/2022,12:00,13.91
9/9/2022,13:00,13.9
9/9/2022,14:00,13.86
9/9/2022,15:00,13.85
9/9/2022,16:00,13.91
9/9/2022,17:00,13.86
9/9/2022,18:00,13.93
9/9/2022,19:00,13.95
9/9/2022,20:00,13.86
9/9/2022,21:00,13.96
9/9/2022,22:00,13.96
9/9/2022,23:00,13.97
9/10/2022,0:00,13.98
9/10/2022,1:00,13.98
9/10/2022,2:00,13.99
9/10/2022,3:00,14
9/10/2022,4:00,13.98
9/10/2022,5:00,13.98
9/10/2022,6:00,14.01
9/10/2022,7:00,14.01
9/10/2022,8:00,14.01
9/10/2022,9:00,13.93
9/10/2022,10:00,13.92
9/10/2022,11:00,13.98
9/10/2022,12:00,13.97
9/10/2022,13:00,13.97
9/10/2022,14:00,13.89
9/10/2022,15:00,13.89
9/10/2022,16:00,13.83
9/10/2022,17:00,13.88
9/10/2022,18:00,13.98
9/10/2022,19:00,14
9/10/2022,20:00,13.97
9/10/2022,21:00,13.96
9/10/2022,22:00,13.96
9/10/2022,23:00,13.95
9/11/2022,0:00,13.95
9/11/2022,1:00,13.94
9/11/2022,2:00,13.92
9/11/2022,3:00,13.93
9/11/2022,4:00,13.94
9/11/2022,5:00,13.94
9/11/2022,6:00,13.94
9/11/2022,7:00,13.94
9/11/2022,8:00,13.97
9/11/2022,9:00,13.92
9/11/2022,10:00,13.92
9/11/2022,11:00,13.91
9/11/2022,12:00,13.9
9/11/2022,13:00,13.8
9/11/2022,14:00,13.81
9/11/2022,15:00,13.8
9/11/2022,16:00,13.8
9/11/2022,17:00,13.76
9/11/2022,18:00,13.83
9/11/2022,19:00,13.8
9/11/2022,20:00,13.79
9/11/2022,21:00,13.86
9/11/2022,22:00,13.86
9/11/2022,23:00,13.87
9/12/2022,0:00,13.8
9/12/2022,1:00,13.85
9/12/2022,2:00,13.79
9/12/2022,3:00,13.85
9/12/2022,4:00,13.86
9/12/2022,5:00,13.86
9/12/2022,6:00,13.86
9/12/2022,7:00,13.85
9/12/2022,8:00,13.79
9/12/2022,9:00,13.82
9/12/2022,10:00,13.83
9/12/2022,11:00,13.79
9/12/2022,12:00,13.8
9/12/2022,13:00,13.77
9/12/2022,14:00,13.82
9/12/2022,15:00,13.81
9/12/2022,16:00,13.7
9/12/2022,17:00,13.7
9/12/2022,18:00,13.78
9/12/2022,19:00,13.77
9/12/2022,20:00,13.77
9/12/2022,21:00,13.77
9/12/2022,22:00,13.79
9/12/2022,23:00,13.8
9/13/2022,0:00,13.81
9/13/2022,1:00,13.82
9/13/2022,2:00,13.82
9/13/2022,3:00,13.82
9/13/2022,4:00,13.83
9/13/2022,5:00,13.83
9/13/2022,6:00,13.84
9/13/2022,7:00,13.84
9/13/2022,8:00,13.85
9/13/2022,9:00,13.85
9/13/2022,10:00,13.86
9/13/2022,11:00,13.85
9/13/2022,12:00,13.79
9/13/2022,13:00,13.85
9/13/2022,14:00,13.72
9/13/2022,15:00,13.81
9/13/2022,16:00,13.89
9/13/2022,17:00,13.81
9/13/2022,18:00,13.8
9/13/2022,19:00,13.88
9/13/2022,20:00,13.88
9/13/2022,21:00,13.88
9/13/2022,22:00,13.88
9/13/2022,23:00,13.88
9/14/2022,0:00,13.89
9/14/2022,1:00,13.82
9/14/2022,2:00,13.89
9/14/2022,3:00,13.89
9/14/2022,4:00,13.9
9/14/2022,5:00,13.89
9/14/2022,6:00,13.9
9/14/2022,7:00,13.9
9/14/2022,8:00,13.9
9/14/2022,9:00,13.9
9/14/2022,10:00,13.9
9/14/2022,11:00,13.81
9/14/2022,12:00,13.85
9/14/2022,13:00,13.89
9/14/2022,14:00,13.8
9/14/2022,15:00,13.85
9/14/2022,16:00,13.87
9/14/2022,17:00,13.86
9/14/2022,18:00,13.79
9/14/2022,19:00,13.88
9/14/2022,20:00,13.88
9/14/2022,21:00,13.91
9/14/2022,22:00,13.91
9/14/2022,23:00,13.9
9/15/2022,0:00,13.9
9/15/2022,1:00,13.9
9/15/2022,2:00,13.9
9/15/2022,3:00,13.91
9/15/2022,4:00,13.91
9/15/2022,5:00,13.86
9/15/2022,6:00,13.9
9/15/2022,7:00,13.9
9/15/2022,8:00,13.91
9/15/2022,9:00,13.85
9/15/2022,10:00,13.91
9/15/2022,11:00,13.87
9/15/2022,12:00,13.83
9/15/2022,13:00,13.92
9/15/2022,14:00,13.86
9/15/2022,15:00,13.86
9/15/2022,16:00,13.89
9/15/2022,17:00,13.93
9/15/2022,18:00,13.83
9/15/2022,19:00,13.81
9/15/2022,20:00,13.84
9/15/2022,21:00,13.9
9/15/2022,22:00,13.9
9/15/2022,23:00,13.89
9/16/2022,0:00,13.89
9/16/2022,1:00,13.8
9/16/2022,2:00,13.88
9/16/2022,3:00,13.86
9/16/2022,4:00,13.83
9/16/2022,5:00,13.89
9/16/2022,6:00,13.89
9/16/2022,7:00,13.89
9/16/2022,8:00,13.87
9/16/2022,9:00,13.77
9/16/2022,10:00,13.81
9/16/2022,11:00,13.81
9/16/2022,12:00,13.8
9/16/2022,13:00,13.79
9/16/2022,14:00,13.87
9/16/2022,15:00,13.87
9/16/2022,16:00,13.86
9/16/2022,17:00,13.83
9/16/2022,18:00,13.88
9/16/2022,19:00,13.86
9/16/2022,20:00,13.92
9/16/2022,21:00,13.9
9/16/2022,22:00,13.83
9/16/2022,23:00,13.9
9/17/2022,0:00,13.91
9/17/2022,1:00,13.86
9/17/2022,2:00,13.87
9/17/2022,3:00,13.9
9/17/2022,4:00,13.93
9/17/2022,5:00,13.96
9/17/2022,6:00,13.92
9/17/2022,7:00,13.9
9/17/2022,8:00,13.93
9/17/2022,9:00,13.91
9/17/2022,10:00,13.94
9/17/2022,11:00,13.9
9/17/2022,12:00,13.94
9/17/2022,13:00,14.01
9/17/2022,14:00,13.99
9/17/2022,15:00,13.99
9/17/2022,16:00,13.92
9/17/2022,17:00,13.9
9/17/2022,18:00,13.99
9/17/2022,19:00,13.96
9/17/2022,20:00,14.01
9/17/2022,21:00,13.97
9/17/2022,22:00,13.96
9/17/2022,23:00,14.01
9/18/2022,0:00,14.02
9/18/2022,1:00,14.02
9/18/2022,2:00,14.01
9/18/2022,3:00,14.01
9/18/2022,4:00,14
9/18/2022,5:00,14
9/18/2022,6:00,13.99
9/18/2022,7:00,13.98
9/18/2022,8:00,13.99
9/18/2022,9:00,13.98
9/18/2022,10:00,13.97
9/18/2022,11:00,13.91
9/18/2022,12:00,13.98
9/18/2022,13:00,13.92
9/18/2022,14:00,13.86
9/18/2022,15:00,13.89
9/18/2022,16:00,13.94
9/18/2022,17:00,13.85
9/18/2022,18:00,13.95
9/18/2022,19:00,13.94
9/18/2022,20:00,13.91
9/18/2022,21:00,13.92
9/18/2022,22:00,13.91
9/18/2022,23:00,13.91
9/19/2022,0:00,13.91
9/19/2022,1:00,13.9
9/19/2022,2:00,13.9
9/19/2022,3:00,13.85
9/19/2022,4:00,13.91
9/19/2022,5:00,13.9
9/19/2022,6:00,13.9
9/19/2022,7:00,13.9
9/19/2022,8:00,13.89
9/19/2022,9:00,13.89
9/19/2022,10:00,13.9
9/19/2022,11:00,13.88
9/19/2022,12:00,13.81
9/19/2022,13:00,13.87
9/19/2022,14:00,13.86
9/19/2022,15:00,13.86
9/19/2022,16:00,13.79
9/19/2022,17:00,13.85
9/19/2022,18:00,13.81
9/19/2022,19:00,13.81
9/19/2022,20:00,13.81
9/19/2022,21:00,13.8
9/19/2022,22:00,13.8
9/19/2022,23:00,13.74
9/20/2022,0:00,13.79
9/20/2022,1:00,13.79
9/20/2022,2:00,13.79
9/20/2022,3:00,13.78
9/20/2022,4:00,13.79
9/20/2022,5:00,13.81
9/20/2022,6:00,13.82
9/20/2022,7:00,13.82
9/20/2022,8:00,13.83
9/20/2022,9:00,13.84
9/20/2022,10:00,13.85
9/20/2022,11:00,13.78
9/20/2022,12:00,13.83
9/20/2022,13:00,13.8
9/20/2022,14:00,13.81
9/20/2022,15:00,13.77
9/20/2022,16:00,13.84
9/20/2022,17:00,13.85
9/20/2022,18:00,13.75
9/20/2022,19:00,13.81
9/20/2022,20:00,13.82
9/20/2022,21:00,13.82
9/20/2022,22:00,13.81
9/20/2022,23:00,13.81
9/21/2022,0:00,13.83
9/21/2022,1:00,13.83
9/21/2022,2:00,13.83
9/21/2022,3:00,13.84
9/21/2022,4:00,13.85
9/21/2022,5:00,13.84
9/21/2022,6:00,13.84
9/21/2022,7:00,13.84
9/21/2022,8:00,13.84
9/21/2022,9:00,13.83
9/21/2022,10:00,13.85
9/21/2022,11:00,13.83
9/21/2022,12:00,13.85
9/21/2022,13:00,13.84
9/21/2022,14:00,13.84
9/21/2022,15:00,13.76
9/21/2022,16:00,13.77
9/21/2022,17:00,13.83
9/21/2022,18:00,13.83
9/21/2022,19:00,13.84
9/21/2022,20:00,13.84
9/21/2022,21:00,13.82
9/21/2022,22:00,13.81
9/21/2022,23:00,13.8
9/22/2022,0:00,13.8
9/22/2022,1:00,13.8
9/22/2022,2:00,13.79
9/22/2022,3:00,13.79
9/22/2022,4:00,13.8
9/22/2022,5:00,13.81
9/22/2022,6:00,13.81
9/22/2022,7:00,13.81
9/22/2022,8:00,13.81
9/22/2022,9:00,13.82
9/22/2022,10:00,13.8
9/22/2022,11:00,13.8
9/22/2022,12:00,13.78
9/22/2022,13:00,13.77
9/22/2022,14:00,13.73
9/22/2022,15:00,13.66
9/22/2022,16:00,13.75
9/22/2022,17:00,13.66
9/22/2022,18:00,13.68
9/22/2022,19:00,13.75
9/22/2022,20:00,13.74
9/22/2022,21:00,13.75
9/22/2022,22:00,13.74
9/22/2022,23:00,13.66
9/23/2022,0:00,13.61
9/23/2022,1:00,13.64
9/23/2022,2:00,13.68
9/23/2022,3:00,13.63
9/23/2022,4:00,13.65
9/23/2022,5:00,13.63
9/23/2022,6:00,13.62
9/23/2022,7:00,13.62
9/23/2022,8:00,13.67
9/23/2022,9:00,13.56
9/23/2022,10:00,13.65
9/23/2022,11:00,13.7
9/23/2022,12:00,13.72
9/23/2022,13:00,13.69
9/23/2022,14:00,13.66
9/23/2022,15:00,13.64
9/23/2022,16:00,13.72
9/23/2022,17:00,13.67
9/23/2022,18:00,13.7
9/23/2022,19:00,13.74
9/23/2022,20:00,13.69
9/23/2022,21:00,13.75
9/23/2022,22:00,13.74
9/23/2022,23:00,13.68
9/24/2022,0:00,13.76
9/24/2022,1:00,13.76
9/24/2022,2:00,13.67
9/24/2022,3:00,13.74
9/24/2022,4:00,13.77
9/24/2022,5:00,13.79
9/24/2022,6:00,13.8
9/24/2022,7:00,13.78
9/24/2022,8:00,13.77
9/24/2022,9:00,13.71
9/24/2022,10:00,13.71
9/24/2022,11:00,13.7
9/24/2022,12:00,13.71
9/24/2022,13:00,13.73
9/24/2022,14:00,13.69
9/24/2022,15:00,13.72
9/24/2022,16:00,13.83
9/24/2022,17:00,13.84
9/24/2022,18:00,13.71
9/24/2022,19:00,13.76
9/24/2022,20:00,13.82
9/24/2022,21:00,13.82
9/24/2022,22:00,13.81
9/24/2022,23:00,13.81
9/25/2022,0:00,13.81
9/25/2022,1:00,13.81
9/25/2022,2:00,13.82
9/25/2022,3:00,13.71
9/25/2022,4:00,13.75
9/25/2022,5:00,13.77
9/25/2022,6:00,13.72
9/25/2022,7:00,13.72
9/25/2022,8:00,13.79
9/25/2022,9:00,13.71
9/25/2022,10:00,13.77
9/25/2022,11:00,13.84
9/25/2022,12:00,13.74
9/25/2022,13:00,13.8
9/25/2022,14:00,13.83
9/25/2022,15:00,13.76
9/25/2022,16:00,13.75
9/25/2022,17:00,13.75
9/25/2022,18:00,13.74
9/25/2022,19:00,13.74
9/25/2022,20:00,13.66
9/25/2022,21:00,13.75
9/25/2022,22:00,13.81
9/25/2022,23:00,13.84
9/26/2022,0:00,13.84
9/26/2022,1:00,13.83
9/26/2022,2:00,13.82
9/26/2022,3:00,13.75
9/26/2022,4:00,13.83
9/26/2022,5:00,13.65
9/26/2022,6:00,13.66
9/26/2022,7:00,13.76
9/26/2022,8:00,13.72
9/26/2022,9:00,13.74
9/26/2022,10:00,13.75
9/26/2022,11:00,13.69
9/26/2022,12:00,13.7
9/26/2022,13:00,13.64
9/26/2022,14:00,13.68
9/26/2022,15:00,13.65
9/26/2022,16:00,13.67
9/26/2022,17:00,13.71
9/26/2022,18:00,13.72
9/26/2022,19:00,13.74
9/26/2022,20:00,13.77
9/26/2022,21:00,13.82
9/26/2022,22:00,13.84
9/26/2022,23:00,13.83
9/27/2022,0:00,13.82
9/27/2022,1:00,13.81
9/27/2022,2:00,13.8
9/27/2022,3:00,13.79
9/27/2022,4:00,13.8
9/27/2022,5:00,13.79
9/27/2022,6:00,13.8
9/27/2022,7:00,13.8
9/27/2022,8:00,13.8
9/27/2022,9:00,13.7
9/27/2022,10:00,13.68
9/27/2022,11:00,13.78
9/27/2022,12:00,13.7
9/27/2022,13:00,13.75
9/27/2022,14:00,13.71
9/27/2022,15:00,13.74
9/27/2022,16:00,13.75
9/27/2022,17:00,13.73
9/27/2022,18:00,13.69
9/27/2022,19:00,13.69
9/27/2022,20:00,13.78
9/27/2022,21:00,13.78
9/27/2022,22:00,13.79
9/27/2022,23:00,13.79
9/28/2022,0:00,13.79
9/28/2022,1:00,13.8
9/28/2022,2:00,13.8
9/28/2022,3:00,13.8
9/28/2022,4:00,13.8
9/28/2022,5:00,13.81
9/28/2022,6:00,13.81
9/28/2022,7:00,13.82
9/28/2022,8:00,13.83
9/28/2022,9:00,13.83
9/28/2022,10:00,13.84
9/28/2022,11:00,13.77
9/28/2022,12:00,13.84
9/28/2022,13:00,13.85
9/28/2022,14:00,13.77
9/28/2022,15:00,13.86
9/28/2022,16:00,13.81
9/28/2022,17:00,13.86
9/28/2022,18:00,13.74
9/28/2022,19:00,13.78
9/28/2022,20:00,13.82
9/28/2022,21:00,13.88
9/28/2022,22:00,13.89
9/28/2022,23:00,13.9
9/29/2022,0:00,13.84
9/29/2022,1:00,13.87
9/29/2022,2:00,13.91
9/29/2022,3:00,13.92
9/29/2022,4:00,13.88
9/29/2022,5:00,13.88
9/29/2022,6:00,13.85
9/29/2022,7:00,13.87
9/29/2022,8:00,13.86
9/29/2022,9:00,13.84
9/29/2022,10:00,13.87
9/29/2022,11:00,13.89
9/29/2022,12:00,13.86
9/29/2022,13:00,13.84
9/29/2022,14:00,13.92
9/29/2022,15:00,13.92
9/29/2022,16:00,13.89
9/29/2022,17:00,13.9
9/29/2022,18:00,13.89
9/29/2022,19:00,13.96
9/29/2022,20:00,14
9/29/2022,21:00,14.06
9/29/2022,22:00,14.07
9/29/2022,23:00,14.04
9/30/2022,0:00,13.94
9/30/2022,1:00,14.06
9/30/2022,2:00,13.97
9/30/2022,3:00,14.04
9/30/2022,4:00,14.04
9/30/2022,5:00,14.04
9/30/2022,6:00,14.04
9/30/2022,7:00,14.01
9/30/2022,8:00,13.97
9/30/2022,9:00,14.04
9/30/2022,10:00,13.91
9/30/2022,11:00,13.94
9/30/2022,12:00,14.05
9/30/2022,13:00,13.95
9/30/2022,14:00,13.94
9/30/2022,15:00,13.9
9/30/2022,16:00,13.86
9/30/2022,17:00,13.88
9/30/2022,18:00,13.83
9/30/2022,19:00,13.78
9/30/2022,20:00,13.88
9/30/2022,21:00,13.87
9/30/2022,22:00,13.86
9/30/2022,23:00,13.85
10/1/2022,0:00,13.84
10/1/2022,1:00,13.82
10/1/2022,2:00,13.81
10/1/2022,3:00,13.79
10/1/2022,4:00,13.78
10/1/2022,5:00,13.76
10/1/2022,6:00,13.75
10/1/2022,7:00,13.73
10/1/2022,8:00,13.71
10/1/2022,9:00,13.7
10/1/2022,10:00,13.63
10/1/2022,11:00,13.61
10/1/2022,12:00,13.6
10/1/2022,13:00,13.73
10/1/2022,14:00,13.68
10/1/2022,15:00,13.58
10/1/2022,16:00,13.62
10/1/2022,17:00,13.75
10/1/2022,18:00,13.67
10/1/2022,19:00,13.69
10/1/2022,20:00,13.8
10/1/2022,21:00,13.83
10/1/2022,22:00,13.86
10/1/2022,23:00,13.88
10/2/2022,0:00,13.91
10/2/2022,1:00,13.93
10/2/2022,2:00,13.94
10/2/2022,3:00,13.95
10/2/2022,4:00,13.97
10/2/2022,5:00,13.99
10/2/2022,6:00,14.01
10/2/2022,7:00,14.03
10/2/2022,8:00,14.04
10/2/2022,9:00,14.02
10/2/2022,10:00,14.07
10/2/2022,11:00,14.02
10/2/2022,12:00,14.09
10/2/2022,13:00,14.11
10/2/2022,14:00,14.02
10/2/2022,15:00,14.03
10/2/2022,16:00,14.08
10/2/2022,17:00,14.02
10/2/2022,18:00,14.05
10/2/2022,19:00,14.07
10/2/2022,20:00,14.09
10/2/2022,21:00,14.09
10/2/2022,22:00,14.09
10/2/2022,23:00,14.07
10/3/2022,0:00,14.05
10/3/2022,1:00,14.04
10/3/2022,2:00,14.04
10/3/2022,3:00,14.02
10/3/2022,4:00,14.01
10/3/2022,5:00,13.99
10/3/2022,6:00,13.97
10/3/2022,7:00,13.96
10/3/2022,8:00,13.95
10/3/2022,9:00,13.93
10/3/2022,10:00,13.85
10/3/2022,11:00,13.8
10/3/2022,12:00,13.88
10/3/2022,13:00,13.87
10/3/2022,14:00,13.85
10/3/2022,15:00,13.75
10/3/2022,16:00,13.75
10/3/2022,17:00,13.75
10/3/2022,18:00,13.66
10/3/2022,19:00,13.67
10/3/2022,20:00,13.74
10/3/2022,21:00,13.72
10/3/2022,22:00,13.72
10/3/2022,23:00,13.71
10/4/2022,0:00,13.73
10/4/2022,1:00,13.75
10/4/2022,2:00,13.65
10/4/2022,3:00,13.75
10/4/2022,4:00,13.75
10/4/2022,5:00,13.75
10/4/2022,6:00,13.75
10/4/2022,7:00,13.75
10/4/2022,8:00,13.75
10/4/2022,9:00,13.73
10/4/2022,10:00,13.73
10/4/2022,11:00,13.75
10/4/2022,12:00,13.75
10/4/2022,13:00,13.75
10/4/2022,14:00,13.75
10/4/2022,15:00,13.75
10/4/2022,16:00,13.69
10/4/2022,17:00,13.62
10/4/2022,18:00,13.76
10/4/2022,19:00,13.74
10/4/2022,20:00,13.73
10/4/2022,21:00,13.75
10/4/2022,22:00,13.76
10/4/2022,23:00,13.76
10/5/2022,0:00,13.77
10/5/2022,1:00,13.78
10/5/2022,2:00,13.78
10/5/2022,3:00,13.8
10/5/2022,4:00,13.81
10/5/2022,5:00,13.81
10/5/2022,6:00,13.82
10/5/2022,7:00,13.82
10/5/2022,8:00,13.82
10/5/2022,9:00,13.83
10/5/2022,10:00,13.82
10/5/2022,11:00,13.83
10/5/2022,12:00,13.84
10/5/2022,13:00,13.84
10/5/2022,14:00,13.85
10/5/2022,15:00,13.85
10/5/2022,16:00,13.86
10/5/2022,17:00,13.83
10/5/2022,18:00,13.86
10/5/2022,19:00,13.84
10/5/2022,20:00,13.88
10/5/2022,21:00,13.85
10/5/2022,22:00,13.86
10/5/2022,23:00,13.86
10/6/2022,0:00,13.86
10/6/2022,1:00,13.87
10/6/2022,2:00,13.87
10/6/2022,3:00,13.87
10/6/2022,4:00,13.87
10/6/2022,5:00,13.88
10/6/2022,6:00,13.88
10/6/2022,7:00,13.89
10/6/2022,8:00,13.89
10/6/2022,9:00,13.88
10/6/2022,10:00,13.87
10/6/2022,11:00,13.79
10/6/2022,12:00,13.81
10/6/2022,13:00,13.85
10/6/2022,14:00,13.78
10/6/2022,15:00,13.77
10/6/2022,16:00,13.87
10/6/2022,17:00,13.84
10/6/2022,18:00,13.78
10/6/2022,19:00,13.85
10/6/2022,20:00,13.84
10/6/2022,21:00,13.85
10/6/2022,22:00,13.85
10/6/2022,23:00,13.85
10/7/2022,0:00,13.85
10/7/2022,1:00,13.85
10/7/2022,2:00,13.85
10/7/2022,3:00,13.84
10/7/2022,4:00,13.84
10/7/2022,5:00,13.85
10/7/2022,6:00,13.86
10/7/2022,7:00,13.86
10/7/2022,8:00,13.84
10/7/2022,9:00,13.83
10/7/2022,10:00,13.77
10/7/2022,11:00,13.72
10/7/2022,12:00,13.76
10/7/2022,13:00,13.7
10/7/2022,14:00,13.68
10/7/2022,15:00,13.67
10/7/2022,16:00,13.69
10/7/2022,17:00,13.66
10/7/2022,18:00,13.7
10/7/2022,19:00,13.69
10/7/2022,20:00,13.77
10/7/2022,21:00,13.78
10/7/2022,22:00,13.79
10/7/2022,23:00,13.79
10/8/2022,0:00,13.78
10/8/2022,1:00,13.78
10/8/2022,2:00,13.76
10/8/2022,3:00,13.71
10/8/2022,4:00,13.76
10/8/2022,5:00,13.77
10/8/2022,6:00,13.77
10/8/2022,7:00,13.77
10/8/2022,8:00,13.7
10/8/2022,9:00,13.67
10/8/2022,10:00,13.63
10/8/2022,11:00,13.69
10/8/2022,12:00,13.65
10/8/2022,13:00,13.67
10/8/2022,14:00,13.69
10/8/2022,15:00,13.67
10/8/2022,16:00,13.66
10/8/2022,17:00,13.67
10/8/2022,18:00,13.69
10/8/2022,19:00,13.67
10/8/2022,20:00,13.76
10/8/2022,21:00,13.76
10/8/2022,22:00,13.76
10/8/2022,23:00,13.77
10/9/2022,0:00,13.77
10/9/2022,1:00,13.77
10/9/2022,2:00,13.77
10/9/2022,3:00,13.77
10/9/2022,4:00,13.78
10/9/2022,5:00,13.78
10/9/2022,6:00,13.79
10/9/2022,7:00,13.72
10/9/2022,8:00,13.78
10/9/2022,9:00,13.71
10/9/2022,10:00,13.73
10/9/2022,11:00,13.65
10/9/2022,12:00,13.68
10/9/2022,13:00,13.8
10/9/2022,14:00,13.73
10/9/2022,15:00,13.77
10/9/2022,16:00,13.77
10/9/2022,17:00,13.71
10/9/2022,18:00,13.65
10/9/2022,19:00,13.68
10/9/2022,20:00,13.76
10/9/2022,21:00,13.76
10/9/2022,22:00,13.77
10/9/2022,23:00,13.77
10/10/2022,0:00,13.77
10/10/2022,1:00,13.76
10/10/2022,2:00,13.76
10/10/2022,3:00,13.76
10/10/2022,4:00,13.76
10/10/2022,5:00,13.77
10/10/2022,6:00,13.78
10/10/2022,7:00,13.78
10/10/2022,8:00,13.78
10/10/2022,9:00,13.78
10/10/2022,10:00,13.77
10/10/2022,11:00,13.78
10/10/2022,12:00,13.7
10/10/2022,13:00,13.72
10/10/2022,14:00,13.66
10/10/2022,15:00,13.77
10/10/2022,16:00,13.75
10/10/2022,17:00,13.75
10/10/2022,18:00,13.78
10/10/2022,19:00,13.79
10/10/2022,20:00,13.8
10/10/2022,21:00,13.8
10/10/2022,22:00,13.8
10/10/2022,23:00,13.79
10/11/2022,0:00,13.8
10/11/2022,1:00,13.8
10/11/2022,2:00,13.8
10/11/2022,3:00,13.8
10/11/2022,4:00,13.78
10/11/2022,5:00,13.81
10/11/2022,6:00,13.79
10/11/2022,7:00,13.76
10/11/2022,8:00,13.74
10/11/2022,9:00,13.76
10/11/2022,10:00,13.76
10/11/2022,11:00,13.79
10/11/2022,12:00,13.78
10/11/2022,13:00,13.77
10/11/2022,14:00,13.81
10/11/2022,15:00,13.75
10/11/2022,16:00,13.76
10/11/2022,17:00,13.74
10/11/2022,18:00,13.86
10/11/2022,19:00,13.82
10/11/2022,20:00,13.85
10/11/2022,21:00,13.83
10/11/2022,22:00,13.84
10/11/2022,23:00,13.84
10/12/2022,0:00,13.84
10/12/2022,1:00,13.85
10/12/2022,2:00,13.85
10/12/2022,3:00,13.86
10/12/2022,4:00,13.87
10/12/2022,5:00,13.86
10/12/2022,6:00,13.86
10/12/2022,7:00,13.86
10/12/2022,8:00,13.86
10/12/2022,9:00,13.86
10/12/2022,10:00,13.86
10/12/2022,11:00,13.87
10/12/2022,12:00,13.71
10/12/2022,13:00,13.66
10/12/2022,14:00,13.76
10/12/2022,15:00,13.75
10/12/2022,16:00,13.84
10/12/2022,17:00,13.78
10/12/2022,18:00,13.79
10/12/2022,19:00,13.82
10/12/2022,20:00,13.87
10/12/2022,21:00,13.86
10/12/2022,22:00,13.86
10/12/2022,23:00,13.85
10/13/2022,0:00,13.85
10/13/2022,1:00,13.76
10/13/2022,2:00,13.85
10/13/2022,3:00,13.76
10/13/2022,4:00,13.77
10/13/2022,5:00,13.78
10/13/2022,6:00,13.83
10/13/2022,7:00,13.8
10/13/2022,8:00,13.86
10/13/2022,9:00,13.87
10/13/2022,10:00,13.86
10/13/2022,11:00,13.77
10/13/2022,12:00,13.72
10/13/2022,13:00,13.74
10/13/2022,14:00,13.82
10/13/2022,15:00,13.84
10/13/2022,16:00,13.79
10/13/2022,17:00,13.8
10/13/2022,18:00,13.83
10/13/2022,19:00,13.8
10/13/2022,20:00,13.83
10/13/2022,21:00,13.84
10/13/2022,22:00,13.85
10/13/2022,23:00,13.84
10/14/2022,0:00,13.84
10/14/2022,1:00,13.83
10/14/2022,2:00,13.83
10/14/2022,3:00,13.82
10/14/2022,4:00,13.82
10/14/2022,5:00,13.83
10/14/2022,6:00,13.83
10/14/2022,7:00,13.83
10/14/2022,8:00,13.84
10/14/2022,9:00,13.83
10/14/2022,10:00,13.83
10/14/2022,11:00,13.82
10/14/2022,12:00,13.82
10/14/2022,13:00,13.82
10/14/2022,14:00,13.78
10/14/2022,15:00,13.82
10/14/2022,16:00,13.72
10/14/2022,17:00,13.69
10/14/2022,18:00,13.71
10/14/2022,19:00,13.81
10/14/2022,20:00,13.8
10/14/2022,21:00,13.8
10/14/2022,22:00,13.8
10/14/2022,23:00,13.79
10/15/2022,0:00,13.79
10/15/2022,1:00,13.67
10/15/2022,2:00,13.65
10/15/2022,3:00,13.7
10/15/2022,4:00,13.65
10/15/2022,5:00,13.67
10/15/2022,6:00,13.66
10/15/2022,7:00,13.64
10/15/2022,8:00,13.77
10/15/2022,9:00,13.73
10/15/2022,10:00,13.77
10/15/2022,11:00,13.64
10/15/2022,12:00,13.65
10/15/2022,13:00,13.71
10/15/2022,14:00,13.69
10/15/2022,15:00,13.69
10/15/2022,16:00,13.68
10/15/2022,17:00,13.74
10/15/2022,18:00,13.62
10/15/2022,19:00,13.73
10/15/2022,20:00,13.72
10/15/2022,21:00,13.72
10/15/2022,22:00,13.66
10/15/2022,23:00,13.72
10/16/2022,0:00,13.74
10/16/2022,1:00,13.7
10/16/2022,2:00,13.73
10/16/2022,3:00,13.76
10/16/2022,4:00,13.72
10/16/2022,5:00,13.76
10/16/2022,6:00,13.63
10/16/2022,7:00,13.76
10/16/2022,8:00,13.76
10/16/2022,9:00,13.69
10/16/2022,10:00,13.73
10/16/2022,11:00,13.71
10/16/2022,12:00,13.66
10/16/2022,13:00,13.72
10/16/2022,14:00,13.69
10/16/2022,15:00,13.79
10/16/2022,16:00,13.7
10/16/2022,17:00,13.77
10/16/2022,18:00,13.73
10/16/2022,19:00,13.64
10/16/2022,20:00,13.72
10/16/2022,21:00,13.77
10/16/2022,22:00,13.76
10/16/2022,23:00,13.76
10/17/2022,0:00,13.77
10/17/2022,1:00,13.78
10/17/2022,2:00,13.78
10/17/2022,3:00,13.72
10/17/2022,4:00,13.65
10/17/2022,5:00,13.64
10/17/2022,6:00,13.68
10/17/2022,7:00,13.63
10/17/2022,8:00,13.66
10/17/2022,9:00,13.75
10/17/2022,10:00,13.69
10/17/2022,11:00,13.69
10/17/2022,12:00,13.65
10/17/2022,13:00,13.7
10/17/2022,14:00,13.74
10/17/2022,15:00,13.67
10/17/2022,16:00,13.63
10/17/2022,17:00,13.7
10/17/2022,18:00,13.62
10/17/2022,19:00,13.7
10/17/2022,20:00,13.75
10/17/2022,21:00,13.77
10/17/2022,22:00,13.75
10/17/2022,23:00,13.81
10/18/2022,0:00,13.81
10/18/2022,1:00,13.75
10/18/2022,2:00,13.81
10/18/2022,3:00,13.8
10/18/2022,4:00,13.8
10/18/2022,5:00,13.8
10/18/2022,6:00,13.81
10/18/2022,7:00,13.82
10/18/2022,8:00,13.82
10/18/2022,9:00,13.83
10/18/2022,10:00,13.73
10/18/2022,11:00,13.73
10/18/2022,12:00,13.72
10/18/2022,13:00,13.74
10/18/2022,14:00,13.71
10/18/2022,15:00,13.67
10/18/2022,16:00,13.65
10/18/2022,17:00,13.58
10/18/2022,18:00,13.63
10/18/2022,19:00,13.7
10/18/2022,20:00,13.81
10/18/2022,21:00,13.84
10/18/2022,22:00,13.86
10/18/2022,23:00,13.85
10/19/2022,0:00,13.75
10/19/2022,1:00,13.79
10/19/2022,2:00,13.83
10/19/2022,3:00,13.82
10/19/2022,4:00,13.82
10/19/2022,5:00,13.83
10/19/2022,6:00,13.84
10/19/2022,7:00,13.84
10/19/2022,8:00,13.84
10/19/2022,9:00,13.84
10/19/2022,10:00,13.84
10/19/2022,11:00,13.84
10/19/2022,12:00,13.84
10/19/2022,13:00,13.75
10/19/2022,14:00,13.72
10/19/2022,15:00,13.85
10/19/2022,16:00,13.82
10/19/2022,17:00,13.83
10/19/2022,18:00,13.78
10/19/2022,19:00,13.78
10/19/2022,20:00,13.83
10/19/2022,21:00,13.84
10/19/2022,22:00,13.87
10/19/2022,23:00,13.87
10/20/2022,0:00,13.87
10/20/2022,1:00,13.87
10/20/2022,2:00,13.87
10/20/2022,3:00,13.87
10/20/2022,4:00,13.87
10/20/2022,5:00,13.87
10/20/2022,6:00,13.87
10/20/2022,7:00,13.85
10/20/2022,8:00,13.84
10/20/2022,9:00,13.82
10/20/2022,10:00,13.8
10/20/2022,11:00,13.88
10/20/2022,12:00,13.84
10/20/2022,13:00,13.9
10/20/2022,14:00,13.92
10/20/2022,15:00,13.92
10/20/2022,16:00,13.91
10/20/2022,17:00,13.89
10/20/2022,18:00,13.76
10/20/2022,19:00,13.85
10/20/2022,20:00,13.89
10/20/2022,21:00,13.89
10/20/2022,22:00,13.89
10/20/2022,23:00,13.81
10/21/2022,0:00,13.83
10/21/2022,1:00,13.9
10/21/2022,2:00,13.91
10/21/2022,3:00,13.9
10/21/2022,4:00,13.85
10/21/2022,5:00,13.91
10/21/2022,6:00,13.92
10/21/2022,7:00,13.91
10/21/2022,8:00,13.9
10/21/2022,9:00,13.89
10/21/2022,10:00,13.78
10/21/2022,11:00,13.73
10/21/2022,12:00,13.84
10/21/2022,13:00,13.84
10/21/2022,14:00,13.91
10/21/2022,15:00,13.86
10/21/2022,16:00,13.93
10/21/2022,17:00,13.81
10/21/2022,18:00,13.85
10/21/2022,19:00,13.82
10/21/2022,20:00,13.93
10/21/2022,21:00,13.93
10/21/2022,22:00,13.75
10/21/2022,23:00,13.8
10/22/2022,0:00,13.88
10/22/2022,1:00,13.86
10/22/2022,2:00,13.87
10/22/2022,3:00,13.89
10/22/2022,4:00,13.88
10/22/2022,5:00,13.88
10/22/2022,6:00,13.84
10/22/2022,7:00,13.91
10/22/2022,8:00,13.92
10/22/2022,9:00,13.92
10/22/2022,10:00,13.92
10/22/2022,11:00,13.89
10/22/2022,12:00,13.82
10/22/2022,13:00,13.83
10/22/2022,14:00,13.86
10/22/2022,15:00,13.88
10/22/2022,16:00,13.91
10/22/2022,17:00,13.84
10/22/2022,18:00,13.93
10/22/2022,19:00,13.87
10/22/2022,20:00,13.95
10/22/2022,21:00,13.89
10/22/2022,22:00,13.78
10/22/2022,23:00,13.88
10/23/2022,0:00,13.93
10/23/2022,1:00,13.95
10/23/2022,2:00,13.95
10/23/2022,3:00,13.98
10/23/2022,4:00,13.96
10/23/2022,5:00,13.9
10/23/2022,6:00,13.88
10/23/2022,7:00,13.93
10/23/2022,8:00,13.89
10/23/2022,9:00,13.89
10/23/2022,10:00,13.89
10/23/2022,11:00,13.89
10/23/2022,12:00,13.98
10/23/2022,13:00,13.91
10/23/2022,14:00,13.93
10/23/2022,15:00,13.95
10/23/2022,16:00,14.02
10/23/2022,17:00,13.96
10/23/2022,18:00,13.96
10/23/2022,19:00,14.05
10/23/2022,20:00,14.02
10/23/2022,21:00,13.93
10/23/2022,22:00,13.95
10/23/2022,23:00,13.99
10/24/2022,0:00,13.99
10/24/2022,1:00,13.92
10/24/2022,2:00,13.99
10/24/2022,3:00,13.93
10/24/2022,4:00,13.93
10/24/2022,5:00,14.01
10/24/2022,6:00,13.97
10/24/2022,7:00,13.92
10/24/2022,8:00,13.97
10/24/2022,9:00,13.95
10/24/2022,10:00,13.96
10/24/2022,11:00,13.94
10/24/2022,12:00,13.94
10/24/2022,13:00,14.02
10/24/2022,14:00,14.08
10/24/2022,15:00,14.04
10/24/2022,16:00,13.99
10/24/2022,17:00,13.95
10/24/2022,18:00,14.03
10/24/2022,19:00,14.01
10/24/2022,20:00,13.94
10/24/2022,21:00,13.98
10/24/2022,22:00,13.97
10/24/2022,23:00,14.01
10/25/2022,0:00,14.05
10/25/2022,1:00,14
10/25/2022,2:00,13.94
10/25/2022,3:00,13.9
10/25/2022,4:00,13.96
10/25/2022,5:00,13.91
10/25/2022,6:00,13.91
10/25/2022,7:00,13.9
10/25/2022,8:00,13.89
10/25/2022,9:00,13.86
10/25/2022,10:00,13.83
10/25/2022,11:00,13.84
10/25/2022,12:00,13.79
10/25/2022,13:00,13.77
10/25/2022,14:00,13.75
10/25/2022,15:00,13.66
10/25/2022,16:00,13.64
10/25/2022,17:00,13.73
10/25/2022,18:00,13.72
10/25/2022,19:00,13.76
10/25/2022,20:00,13.8
10/25/2022,21:00,13.82
10/25/2022,22:00,13.81
10/25/2022,23:00,13.8
10/26/2022,0:00,13.78
10/26/2022,1:00,13.76
10/26/2022,2:00,13.74
10/26/2022,3:00,13.73
10/26/2022,4:00,13.73
10/26/2022,5:00,13.74
10/26/2022,6:00,13.74
10/26/2022,7:00,13.75
10/26/2022,8:00,13.75
10/26/2022,9:00,13.74
10/26/2022,10:00,13.68
10/26/2022,11:00,13.58
10/26/2022,12:00,13.59
10/26/2022,13:00,13.55
10/26/2022,14:00,13.57
10/26/2022,15:00,13.56
10/26/2022,16:00,13.6
10/26/2022,17:00,13.6
10/26/2022,18:00,13.62
10/26/2022,19:00,13.68
10/26/2022,20:00,13.67
10/26/2022,21:00,13.66
10/26/2022,22:00,13.66
10/26/2022,23:00,13.65
10/27/2022,0:00,13.65
10/27/2022,1:00,13.65
10/27/2022,2:00,13.65
10/27/2022,3:00,13.65
10/27/2022,4:00,13.65
10/27/2022,5:00,13.66
10/27/2022,6:00,13.67
10/27/2022,7:00,13.67
10/27/2022,8:00,13.67
10/27/2022,9:00,13.68
10/27/2022,10:00,13.64
10/27/2022,11:00,13.6
10/27/2022,12:00,13.62
10/27/2022,13:00,13.59
10/27/2022,14:00,13.66
10/27/2022,15:00,13.63
10/27/2022,16:00,13.58
10/27/2022,17:00,13.58
10/27/2022,18:00,13.65
10/27/2022,19:00,13.6
10/27/2022,20:00,13.73
10/27/2022,21:00,13.75
10/27/2022,22:00,13.75
10/27/2022,23:00,13.74
10/28/2022,0:00,13.74
10/28/2022,1:00,13.74
10/28/2022,2:00,13.74
10/28/2022,3:00,13.74
10/28/2022,4:00,13.76
10/28/2022,5:00,13.77
10/28/2022,6:00,13.79
10/28/2022,7:00,13.8
10/28/2022,8:00,13.69
10/28/2022,9:00,13.7
10/28/2022,10:00,13.73
10/28/2022,11:00,13.79
10/28/2022,12:00,13.8
10/28/2022,13:00,13.8
10/28/2022,14:00,13.74
10/28/2022,15:00,13.78
10/28/2022,16:00,13.76
10/28/2022,17:00,13.82
10/28/2022,18:00,13.83
10/28/2022,19:00,13.73
10/28/2022,20:00,13.71
10/28/2022,21:00,13.86
10/28/2022,22:00,13.8
10/28/2022,23:00,13.9
10/29/2022,0:00,13.88
10/29/2022,1:00,13.84
10/29/2022,2:00,13.91
10/29/2022,3:00,13.88
10/29/2022,4:00,13.95
10/29/2022,5:00,13.92
10/29/2022,6:00,13.9
10/29/2022,7:00,13.92
10/29/2022,8:00,13.97
10/29/2022,9:00,14.04
10/29/2022,10:00,14.02
10/29/2022,11:00,14.13
10/29/2022,12:00,14.13
10/29/2022,13:00,14.14
10/29/2022,14:00,14.13
10/29/2022,15:00,14.01
10/29/2022,16:00,14.06
10/29/2022,17:00,14.01
10/29/2022,18:00,13.89
10/29/2022,19:00,13.89
10/29/2022,20:00,13.95
10/29/2022,21:00,13.91
10/29/2022,22:00,13.94
10/29/2022,23:00,13.9
10/30/2022,0:00,13.85
10/30/2022,1:00,13.85
10/30/2022,2:00,13.83
10/30/2022,3:00,13.76
10/30/2022,4:00,13.67
10/30/2022,5:00,13.76
10/30/2022,6:00,13.68
10/30/2022,7:00,13.66
10/30/2022,8:00,13.59
10/30/2022,9:00,13.55
10/30/2022,10:00,13.58
10/30/2022,11:00,13.55
10/30/2022,12:00,13.61
10/30/2022,13:00,13.53
10/30/2022,14:00,13.54
10/30/2022,15:00,13.52
10/30/2022,16:00,13.57
10/30/2022,17:00,13.6
10/30/2022,18:00,13.61
10/30/2022,19:00,13.65
10/30/2022,20:00,13.67
10/30/2022,21:00,13.68
10/30/2022,22:00,13.68
10/30/2022,23:00,13.69
10/31/2022,0:00,13.7
10/31/2022,1:00,13.71
10/31/2022,2:00,13.71
10/31/2022,3:00,13.73
10/31/2022,4:00,13.74
10/31/2022,5:00,13.75
10/31/2022,6:00,13.76
10/31/2022,7:00,13.77
10/31/2022,8:00,13.78
10/31/2022,9:00,13.79
10/31/2022,10:00,13.79
10/31/2022,11:00,13.74
10/31/2022,12:00,13.81
10/31/2022,13:00,13.82
10/31/2022,14:00,13.83
10/31/2022,15:00,13.85
10/31/2022,16:00,13.83
10/31/2022,17:00,13.77
10/31/2022,18:00,13.84
10/31/2022,19:00,13.86
10/31/2022,20:00,13.86
10/31/2022,21:00,13.87
10/31/2022,22:00,13.89
10/31/2022,23:00,13.89
11/1/2022,0:00,13.91
11/1/2022,1:00,13.92
11/1/2022,2:00,13.93
11/1/2022,3:00,13.93
11/1/2022,4:00,13.94
11/1/2022,5:00,13.95
11/1/2022,6:00,13.95
11/1/2022,7:00,13.97
11/1/2022,8:00,13.98
11/1/2022,9:00,14
11/1/2022,10:00,14.01
11/1/2022,11:00,14
11/1/2022,12:00,14.01
11/1/2022,13:00,14.02
11/1/2022,14:00,14.03
11/1/2022,15:00,14.01
11/1/2022,16:00,14.04
11/1/2022,17:00,14.05
11/1/2022,18:00,14.06
11/1/2022,19:00,14.04
11/1/2022,20:00,14.04
11/1/2022,21:00,14.02
11/1/2022,22:00,14.02
11/1/2022,23:00,14.03
11/2/2022,0:00,14.02
11/2/2022,1:00,14.02
11/2/2022,2:00,14.02
11/2/2022,3:00,14.01
11/2/2022,4:00,14.01
11/2/2022,5:00,14.01
11/2/2022,6:00,14
11/2/2022,7:00,14
11/2/2022,8:00,13.99
11/2/2022,9:00,13.99
11/2/2022,10:00,13.99
11/2/2022,11:00,13.98
11/2/2022,12:00,13.93
11/2/2022,13:00,13.91
11/2/2022,14:00,13.97
11/2/2022,15:00,14.01
11/2/2022,16:00,13.95
11/2/2022,17:00,13.95
11/2/2022,18:00,13.94
11/2/2022,19:00,13.98
11/2/2022,20:00,13.98
11/2/2022,21:00,13.96
11/2/2022,22:00,13.95
11/2/2022,23:00,13.95
11/3/2022,0:00,13.95
11/3/2022,1:00,13.95
11/3/2022,2:00,13.95
11/3/2022,3:00,13.95
11/3/2022,4:00,13.95
11/3/2022,5:00,13.95
11/3/2022,6:00,13.94
11/3/2022,7:00,13.95
11/3/2022,8:00,13.94
11/3/2022,9:00,13.95
11/3/2022,10:00,13.94
11/3/2022,11:00,13.91
11/3/2022,12:00,13.95
11/3/2022,13:00,13.91
11/3/2022,14:00,13.94
11/3/2022,15:00,13.99
11/3/2022,16:00,14
11/3/2022,17:00,13.98
11/3/2022,18:00,13.93
11/3/2022,19:00,13.98
11/3/2022,20:00,13.92
11/3/2022,21:00,13.88
11/3/2022,22:00,13.92
11/3/2022,23:00,13.95
11/4/2022,0:00,13.97
11/4/2022,1:00,13.97
11/4/2022,2:00,14.01
11/4/2022,3:00,14
11/4/2022,4:00,13.99
11/4/2022,5:00,13.95
11/4/2022,6:00,14
11/4/2022,7:00,14.01
11/4/2022,8:00,14.02
11/4/2022,9:00,13.93
11/4/2022,10:00,13.97
11/4/2022,11:00,13.94
11/4/2022,12:00,14.01
11/4/2022,13:00,14.01
11/4/2022,14:00,14.01
11/4/2022,15:00,14.11
11/4/2022,16:00,14.04
11/4/2022,17:00,14.04
11/4/2022,18:00,14.05
11/4/2022,19:00,14.13
11/4/2022,20:00,14.1
11/4/2022,21:00,14.08
11/4/2022,22:00,13.99
11/4/2022,23:00,14.06
11/5/2022,0:00,14.14
11/5/2022,1:00,14.14
11/5/2022,2:00,14.07
11/5/2022,3:00,13.98
11/5/2022,4:00,14.18
11/5/2022,5:00,14.22
11/5/2022,6:00,14.11
11/5/2022,7:00,14.13
11/5/2022,8:00,14.14
11/5/2022,9:00,14.01
11/5/2022,10:00,14.04
11/5/2022,11:00,13.98
11/5/2022,12:00,13.92
11/5/2022,13:00,13.92
11/5/2022,14:00,13.94
11/5/2022,15:00,13.99
11/5/2022,16:00,13.92
11/5/2022,17:00,13.99
11/5/2022,18:00,13.98
11/5/2022,19:00,13.96
11/5/2022,20:00,13.96
11/5/2022,21:00,13.95
11/5/2022,22:00,13.94
11/5/2022,23:00,13.9
11/6/2022,0:00,13.92
11/6/2022,1:00,13.93
11/6/2022,1:00,13.91
11/6/2022,2:00,13.82
11/6/2022,3:00,13.9
11/6/2022,4:00,13.9
11/6/2022,5:00,13.89
11/6/2022,6:00,13.88
11/6/2022,7:00,13.86
11/6/2022,8:00,13.82
11/6/2022,9:00,13.78
11/6/2022,10:00,13.8
11/6/2022,11:00,13.84
11/6/2022,12:00,13.85
11/6/2022,13:00,13.85
11/6/2022,14:00,13.87
11/6/2022,15:00,13.88
11/6/2022,16:00,13.88
11/6/2022,17:00,13.86
11/6/2022,18:00,13.88
11/6/2022,19:00,13.87
11/6/2022,20:00,13.87
11/6/2022,21:00,13.88
11/6/2022,22:00,13.88
11/6/2022,23:00,13.89
11/7/2022,0:00,13.9
11/7/2022,1:00,13.91
11/7/2022,2:00,13.92
11/7/2022,3:00,13.92
11/7/2022,4:00,13.93
11/7/2022,5:00,13.94
11/7/2022,6:00,13.94
11/7/2022,7:00,13.95
11/7/2022,8:00,13.96
11/7/2022,9:00,13.95
11/7/2022,10:00,13.95
11/7/2022,11:00,13.96
11/7/2022,12:00,13.98
11/7/2022,13:00,13.93
11/7/2022,14:00,13.98
11/7/2022,15:00,13.99
11/7/2022,16:00,13.99
11/7/2022,17:00,13.95
11/7/2022,18:00,13.99
11/7/2022,19:00,13.98
11/7/2022,20:00,13.86
11/7/2022,21:00,13.9
11/7/2022,22:00,14
11/7/2022,23:00,13.94
11/8/2022,0:00,14.01
11/8/2022,1:00,13.88
11/8/2022,2:00,13.94
11/8/2022,3:00,13.95
11/8/2022,4:00,14.02
11/8/2022,5:00,13.97
11/8/2022,6:00,14.02
11/8/2022,7:00,13.96
11/8/2022,8:00,13.94
11/8/2022,9:00,13.96
11/8/2022,10:00,13.95
11/8/2022,11:00,13.87
11/8/2022,12:00,13.9
11/8/2022,13:00,14
11/8/2022,14:00,13.99
11/8/2022,15:00,13.99
11/8/2022,16:00,13.88
11/8/2022,17:00,13.9
11/8/2022,18:00,13.91
11/8/2022,19:00,13.91
11/8/2022,20:00,13.87
11/8/2022,21:00,13.86
11/8/2022,22:00,13.95
11/8/2022,23:00,13.97
11/9/2022,0:00,13.91
11/9/2022,1:00,13.96
11/9/2022,2:00,13.84
11/9/2022,3:00,13.96
11/9/2022,4:00,13.93
11/9/2022,5:00,13.96
11/9/2022,6:00,13.96
11/9/2022,7:00,13.96
11/9/2022,8:00,13.87
11/9/2022,9:00,13.95
11/9/2022,10:00,13.95
11/9/2022,11:00,13.94
11/9/2022,12:00,13.93
11/9/2022,13:00,13.92
11/9/2022,14:00,13.92
11/9/2022,15:00,13.81
11/9/2022,16:00,13.91
11/9/2022,17:00,13.93
11/9/2022,18:00,13.92
11/9/2022,19:00,13.89
11/9/2022,20:00,13.89
11/9/2022,21:00,13.88
11/9/2022,22:00,13.87
11/9/2022,23:00,13.83
11/10/2022,0:00,13.84
11/10/2022,1:00,13.86
11/10/2022,2:00,13.83
11/10/2022,3:00,13.86
11/10/2022,4:00,13.86
11/10/2022,5:00,13.84
11/10/2022,6:00,13.82
11/10/2022,7:00,13.79
11/10/2022,8:00,13.85
11/10/2022,9:00,13.77
11/10/2022,10:00,13.82
11/10/2022,11:00,13.83
11/10/2022,12:00,13.77
11/10/2022,13:00,13.82
11/10/2022,14:00,13.82
11/10/2022,15:00,13.77
11/10/2022,16:00,13.79
11/10/2022,17:00,13.79
11/10/2022,18:00,13.77
11/10/2022,19:00,13.77
11/10/2022,20:00,13.77
11/10/2022,21:00,13.77
11/10/2022,22:00,13.77
11/10/2022,23:00,13.77
11/11/2022,0:00,13.78
11/11/2022,1:00,13.76
11/11/2022,2:00,13.77
11/11/2022,3:00,13.78
11/11/2022,4:00,13.79
11/11/2022,5:00,13.8
11/11/2022,6:00,13.8
11/11/2022,7:00,13.8
11/11/2022,8:00,13.81
11/11/2022,9:00,13.7
11/11/2022,10:00,13.81
11/11/2022,11:00,13.81
11/11/2022,12:00,13.82
11/11/2022,13:00,13.74
11/11/2022,14:00,13.77
11/11/2022,15:00,13.71
11/11/2022,16:00,13.66
11/11/2022,17:00,13.73
11/11/2022,18:00,13.79
11/11/2022,19:00,13.89
11/11/2022,20:00,13.89
11/11/2022,21:00,13.8
11/11/2022,22:00,13.73
11/11/2022,23:00,13.72
11/12/2022,0:00,13.71
11/12/2022,1:00,13.75
11/12/2022,2:00,13.74
11/12/2022,3:00,13.79
11/12/2022,4:00,13.8
11/12/2022,5:00,13.92
11/12/2022,6:00,13.9
11/12/2022,7:00,13.95
11/12/2022,8:00,13.93
11/12/2022,9:00,13.9
11/12/2022,10:00,13.87
11/12/2022,11:00,13.86
11/12/2022,12:00,13.88
11/12/2022,13:00,13.9
11/12/2022,14:00,13.86
11/12/2022,15:00,13.87
11/12/2022,16:00,13.89
11/12/2022,17:00,13.82
11/12/2022,18:00,13.87
11/12/2022,19:00,13.94
11/12/2022,20:00,13.96
11/12/2022,21:00,13.97
11/12/2022,22:00,13.98
11/12/2022,23:00,13.98
11/13/2022,0:00,13.88
11/13/2022,1:00,13.97
11/13/2022,2:00,13.86
11/13/2022,3:00,13.97
11/13/2022,4:00,13.97
11/13/2022,5:00,13.88
11/13/2022,6:00,13.91
11/13/2022,7:00,13.86
11/13/2022,8:00,13.93
11/13/2022,9:00,13.91
11/13/2022,10:00,13.91
11/13/2022,11:00,13.89
11/13/2022,12:00,13.88
11/13/2022,13:00,13.97
11/13/2022,14:00,13.96
11/13/2022,15:00,13.97
11/13/2022,16:00,13.9
11/13/2022,17:00,13.91
11/13/2022,18:00,13.95
11/13/2022,19:00,14.02
11/13/2022,20:00,14.02
11/13/2022,21:00,13.95
11/13/2022,22:00,13.99
11/13/2022,23:00,13.94
11/14/2022,0:00,13.96
11/14/2022,1:00,13.92
11/14/2022,2:00,13.94
11/14/2022,3:00,14.03
11/14/2022,4:00,13.97
11/14/2022,5:00,13.96
11/14/2022,6:00,13.95
11/14/2022,7:00,13.93
11/14/2022,8:00,13.95
11/14/2022,9:00,13.92
11/14/2022,10:00,13.94
11/14/2022,11:00,13.96
11/14/2022,12:00,13.95
11/14/2022,13:00,13.95
11/14/2022,14:00,14.02
11/14/2022,15:00,14.01
11/14/2022,16:00,14.01
11/14/2022,17:00,13.92
11/14/2022,18:00,13.89
11/14/2022,19:00,13.86
11/14/2022,20:00,13.8
11/14/2022,21:00,13.81
11/14/2022,22:00,13.8
11/14/2022,23:00,13.84
11/15/2022,0:00,13.82
11/15/2022,1:00,13.83
11/15/2022,2:00,13.84
11/15/2022,3:00,13.81
11/15/2022,4:00,13.75
11/15/2022,5:00,13.77
11/15/2022,6:00,13.75
11/15/2022,7:00,13.67
11/15/2022,8:00,13.69
11/15/2022,9:00,13.69
11/15/2022,10:00,13.63
11/15/2022,11:00,13.61
11/15/2022,12:00,13.61
11/15/2022,13:00,13.65
11/15/2022,14:00,13.58
11/15/2022,15:00,13.65
11/15/2022,16:00,13.72
11/15/2022,17:00,13.78
11/15/2022,18:00,13.77
11/15/2022,19:00,13.75
11/15/2022,20:00,13.81
11/15/2022,21:00,13.78
11/15/2022,22:00,13.77
11/15/2022,23:00,13.86
11/16/2022,0:00,13.86
11/16/2022,1:00,13.89
11/16/2022,2:00,13.91
11/16/2022,3:00,13.9
11/16/2022,4:00,13.92
11/16/2022,5:00,13.92
11/16/2022,6:00,13.93
11/16/2022,7:00,13.94
11/16/2022,8:00,13.93
11/16/2022,9:00,13.94
11/16/2022,10:00,13.86
11/16/2022,11:00,13.97
11/16/2022,12:00,13.97
11/16/2022,13:00,13.96
11/16/2022,14:00,13.98
11/16/2022,15:00,13.95
11/16/2022,16:00,13.95
11/16/2022,17:00,13.96
11/16/2022,18:00,13.99
11/16/2022,19:00,14
11/16/2022,20:00,14.02
11/16/2022,21:00,14.02
11/16/2022,22:00,14.03
11/16/2022,23:00,14.03
11/17/2022,0:00,14.03
11/17/2022,1:00,14.04
11/17/2022,2:00,14.03
11/17/2022,3:00,14.04
11/17/2022,4:00,14.03
11/17/2022,5:00,14
11/17/2022,6:00,13.85
11/17/2022,7:00,13.95
11/17/2022,8:00,13.95
11/17/2022,9:00,13.87
11/17/2022,10:00,13.81
11/17/2022,11:00,13.87
11/17/2022,12:00,13.82
11/17/2022,13:00,13.84
11/17/2022,14:00,13.79
11/17/2022,15:00,13.72
11/17/2022,16:00,13.75
11/17/2022,17:00,13.72
11/17/2022,18:00,13.8
11/17/2022,19:00,13.8
11/17/2022,20:00,13.8
11/17/2022,21:00,13.8
11/17/2022,22:00,13.79
11/17/2022,23:00,13.78
11/18/2022,0:00,13.77
11/18/2022,1:00,13.77
11/18/2022,2:00,13.77
11/18/2022,3:00,13.8
11/18/2022,4:00,13.81
11/18/2022,5:00,13.81
11/18/2022,6:00,13.83
11/18/2022,7:00,13.85
11/18/2022,8:00,13.85
11/18/2022,9:00,13.86
11/18/2022,10:00,13.87
11/18/2022,11:00,13.87
11/18/2022,12:00,13.9
11/18/2022,13:00,13.85
11/18/2022,14:00,13.91
11/18/2022,15:00,13.92
11/18/2022,16:00,13.94
11/18/2022,17:00,13.96
11/18/2022,18:00,13.97
11/18/2022,19:00,13.98
11/18/2022,20:00,14
11/18/2022,21:00,14.01
11/18/2022,22:00,14.02
11/18/2022,23:00,14.03
11/19/2022,0:00,14.05
11/19/2022,1:00,14.02
11/19/2022,2:00,14.09
11/19/2022,3:00,14.1
11/19/2022,4:00,14.12
11/19/2022,5:00,14.13
11/19/2022,6:00,14.04
11/19/2022,7:00,14.12
11/19/2022,8:00,14.14
11/19/2022,9:00,14.02
11/19/2022,10:00,14.1
11/19/2022,11:00,14.15
11/19/2022,12:00,14.04
11/19/2022,13:00,14.04
11/19/2022,14:00,14.14
11/19/2022,15:00,14.13
11/19/2022,16:00,14.11
11/19/2022,17:00,14.09
11/19/2022,18:00,14.08
11/19/2022,19:00,14.08
11/19/2022,20:00,14.07
11/19/2022,21:00,14.07
11/19/2022,22:00,14.06
11/19/2022,23:00,14.05
11/20/2022,0:00,14.03
11/20/2022,1:00,14.03
11/20/2022,2:00,14.03
11/20/2022,3:00,14.02
11/20/2022,4:00,14.01
11/20/2022,5:00,14
11/20/2022,6:00,13.99
11/20/2022,7:00,13.97
11/20/2022,8:00,13.95
11/20/2022,9:00,13.81
11/20/2022,10:00,13.85
11/20/2022,11:00,13.8
11/20/2022,12:00,13.83
11/20/2022,13:00,13.82
11/20/2022,14:00,13.88
11/20/2022,15:00,13.91
11/20/2022,16:00,13.9
11/20/2022,17:00,13.79
11/20/2022,18:00,13.88
11/20/2022,19:00,13.88
11/20/2022,20:00,13.89
11/20/2022,21:00,13.88
11/20/2022,22:00,13.88
11/20/2022,23:00,13.88
11/21/2022,0:00,13.88
11/21/2022,1:00,13.87
11/21/2022,2:00,13.87
11/21/2022,3:00,13.71
11/21/2022,4:00,13.86
11/21/2022,5:00,13.82
11/21/2022,6:00,13.8
11/21/2022,7:00,13.86
11/21/2022,8:00,13.85
11/21/2022,9:00,13.85
11/21/2022,10:00,13.84
11/21/2022,11:00,13.83
11/21/2022,12:00,13.82
11/21/2022,13:00,13.83
11/21/2022,14:00,13.83
11/21/2022,15:00,13.83
11/21/2022,16:00,13.82
11/21/2022,17:00,13.81
11/21/2022,18:00,13.8
11/21/2022,19:00,13.8
11/21/2022,20:00,13.8
11/21/2022,21:00,13.81
11/21/2022,22:00,13.83
11/21/2022,23:00,13.84
11/22/2022,0:00,13.84
11/22/2022,1:00,13.84
11/22/2022,2:00,13.85
11/22/2022,3:00,13.87
11/22/2022,4:00,13.86
11/22/2022,5:00,13.86
11/22/2022,6:00,13.87
11/22/2022,7:00,13.88
11/22/2022,8:00,13.87
11/22/2022,9:00,13.88
11/22/2022,10:00,13.88
11/22/2022,11:00,13.88
11/22/2022,12:00,13.79
11/22/2022,13:00,13.9
11/22/2022,14:00,13.91
11/22/2022,15:00,13.91
11/22/2022,16:00,13.91
11/22/2022,17:00,13.91
11/22/2022,18:00,13.91
11/22/2022,19:00,13.92
11/22/2022,20:00,13.92
11/22/2022,21:00,13.92
11/22/2022,22:00,13.93
11/22/2022,23:00,13.93
11/23/2022,0:00,13.93
11/23/2022,1:00,13.93
11/23/2022,2:00,13.93
11/23/2022,3:00,13.94
11/23/2022,4:00,13.94
11/23/2022,5:00,13.94
11/23/2022,6:00,13.95
11/23/2022,7:00,13.95
11/23/2022,8:00,13.94
11/23/2022,9:00,13.94
11/23/2022,10:00,13.94
11/23/2022,11:00,13.94
11/23/2022,12:00,13.92
11/23/2022,13:00,13.87
11/23/2022,14:00,13.89
11/23/2022,15:00,13.95
11/23/2022,16:00,13.95
11/23/2022,17:00,13.95
11/23/2022,18:00,13.96
11/23/2022,19:00,13.96
11/23/2022,20:00,13.94
11/23/2022,21:00,13.94
11/23/2022,22:00,13.94
11/23/2022,23:00,13.96
11/24/2022,0:00,13.96
11/24/2022,1:00,13.91
11/24/2022,2:00,13.97
11/24/2022,3:00,13.97
11/24/2022,4:00,13.94
11/24/2022,5:00,13.97
11/24/2022,6:00,13.98
11/24/2022,7:00,13.98
11/24/2022,8:00,13.96
11/24/2022,9:00,13.91
11/24/2022,10:00,13.96
11/24/2022,11:00,13.92
11/24/2022,12:00,13.94
11/24/2022,13:00,13.94
11/24/2022,14:00,13.88
11/24/2022,15:00,13.99
11/24/2022,16:00,14.11
11/24/2022,17:00,14.1
11/24/2022,18:00,14.17
11/24/2022,19:00,14.2
11/24/2022,20:00,14.1
11/24/2022,21:00,14.2
11/24/2022,22:00,14.18
11/24/2022,23:00,14.14
11/25/2022,0:00,14.16
11/25/2022,1:00,14.16
11/25/2022,2:00,14.15
11/25/2022,3:00,14.09
11/25/2022,4:00,14.07
11/25/2022,5:00,14.06
11/25/2022,6:00,14.07
11/25/2022,7:00,14.04
11/25/2022,8:00,13.98
11/25/2022,9:00,13.9
11/25/2022,10:00,14
11/25/2022,11:00,13.89
11/25/2022,12:00,13.95
11/25/2022,13:00,13.93
11/25/2022,14:00,13.85
11/25/2022,15:00,13.9
11/25/2022,16:00,13.88
11/25/2022,17:00,13.79
11/25/2022,18:00,13.72
11/25/2022,19:00,13.69
11/25/2022,20:00,13.75
11/25/2022,21:00,13.74
11/25/2022,22:00,13.79
11/25/2022,23:00,13.69
11/26/2022,0:00,13.69
11/26/2022,1:00,13.73
11/26/2022,2:00,13.8
11/26/2022,3:00,13.8
11/26/2022,4:00,13.78
11/26/2022,5:00,13.8
11/26/2022,6:00,13.73
11/26/2022,7:00,13.66
11/26/2022,8:00,13.76
11/26/2022,9:00,13.82
11/26/2022,10:00,13.72
11/26/2022,11:00,13.73
11/26/2022,12:00,13.73
11/26/2022,13:00,13.77
11/26/2022,14:00,13.85
11/26/2022,15:00,13.78
11/26/2022,16:00,13.87
11/26/2022,17:00,13.75
11/26/2022,18:00,13.81
11/26/2022,19:00,13.75
11/26/2022,20:00,13.74
11/26/2022,21:00,13.73
11/26/2022,22:00,13.74
11/26/2022,23:00,13.71
11/27/2022,0:00,13.75
11/27/2022,1:00,13.81
11/27/2022,2:00,13.83
11/27/2022,3:00,13.83
11/27/2022,4:00,13.87
11/27/2022,5:00,13.94
11/27/2022,6:00,13.86
11/27/2022,7:00,13.87
11/27/2022,8:00,13.97
11/27/2022,9:00,13.86
11/27/2022,10:00,13.89
11/27/2022,11:00,13.81
11/27/2022,12:00,13.91
11/27/2022,13:00,13.93
11/27/2022,14:00,13.91
11/27/2022,15:00,13.91
11/27/2022,16:00,13.92
11/27/2022,17:00,14.04
11/27/2022,18:00,14.08
11/27/2022,19:00,14.11
11/27/2022,20:00,14.13
11/27/2022,21:00,14.16
11/27/2022,22:00,14.19
11/27/2022,23:00,14.22
11/28/2022,0:00,14.25
11/28/2022,1:00,14.29
11/28/2022,2:00,14.32
11/28/2022,3:00,14.35
11/28/2022,4:00,14.38
11/28/2022,5:00,14.38
11/28/2022,6:00,14.39
11/28/2022,7:00,14.41
11/28/2022,8:00,14.43
11/28/2022,9:00,14.43
